/* SPDX-License-Identifier: (LGPL-2.1 OR BSD-2-Clause) */

/* THIS FILE IS AUTOGENERATED BY BPFTOOL! */
#ifndef __XDP_MONITOR_SKEL_H__
#define __XDP_MONITOR_SKEL_H__

#include <errno.h>
#include <stdlib.h>
#include <bpf/libbpf.h>

#define BPF_SKEL_SUPPORTS_MAP_AUTO_ATTACH 1

struct xdp_monitor {
	struct bpf_object_skeleton *skeleton;
	struct bpf_object *obj;
	struct {
		struct bpf_map *rx_cnt;
		struct bpf_map *redir_err_cnt;
		struct bpf_map *cpumap_enqueue_cnt;
		struct bpf_map *cpumap_kthread_cnt;
		struct bpf_map *exception_cnt;
		struct bpf_map *devmap_xmit_cnt;
		struct bpf_map *rxq_cnt;
		struct bpf_map *devmap_xmit_cnt_multi;
		struct bpf_map *rodata;
		struct bpf_map *bss;
	} maps;
	struct {
		struct bpf_program *tp_xdp_redirect_err;
		struct bpf_program *tp_xdp_redirect;
		struct bpf_program *tp_xdp_cpumap_enqueue;
		struct bpf_program *tp_xdp_cpumap_kthread;
		struct bpf_program *tp_xdp_cpumap_compat;
		struct bpf_program *tp_xdp_exception;
		struct bpf_program *tp_xdp_devmap_xmit;
		struct bpf_program *tp_xdp_devmap_xmit_multi;
	} progs;
	struct {
		struct bpf_link *tp_xdp_redirect_err;
		struct bpf_link *tp_xdp_redirect;
		struct bpf_link *tp_xdp_cpumap_enqueue;
		struct bpf_link *tp_xdp_cpumap_kthread;
		struct bpf_link *tp_xdp_cpumap_compat;
		struct bpf_link *tp_xdp_exception;
		struct bpf_link *tp_xdp_devmap_xmit;
		struct bpf_link *tp_xdp_devmap_xmit_multi;
	} links;
	struct xdp_monitor__rodata {
		int nr_cpus;
		int from_match[32];
		int to_match[32];
	} *rodata;
	struct xdp_monitor__bss {
		int cpumap_map_id;
	} *bss;

#ifdef __cplusplus
	static inline struct xdp_monitor *open(const struct bpf_object_open_opts *opts = nullptr);
	static inline struct xdp_monitor *open_and_load();
	static inline int load(struct xdp_monitor *skel);
	static inline int attach(struct xdp_monitor *skel);
	static inline void detach(struct xdp_monitor *skel);
	static inline void destroy(struct xdp_monitor *skel);
	static inline const void *elf_bytes(size_t *sz);
#endif /* __cplusplus */
};

static void
xdp_monitor__destroy(struct xdp_monitor *obj)
{
	if (!obj)
		return;
	if (obj->skeleton)
		bpf_object__destroy_skeleton(obj->skeleton);
	free(obj);
}

static inline int
xdp_monitor__create_skeleton(struct xdp_monitor *obj);

static inline struct xdp_monitor *
xdp_monitor__open_opts(const struct bpf_object_open_opts *opts)
{
	struct xdp_monitor *obj;
	int err;

	obj = (struct xdp_monitor *)calloc(1, sizeof(*obj));
	if (!obj) {
		errno = ENOMEM;
		return NULL;
	}

	err = xdp_monitor__create_skeleton(obj);
	if (err)
		goto err_out;

	err = bpf_object__open_skeleton(obj->skeleton, opts);
	if (err)
		goto err_out;

	return obj;
err_out:
	xdp_monitor__destroy(obj);
	errno = -err;
	return NULL;
}

static inline struct xdp_monitor *
xdp_monitor__open(void)
{
	return xdp_monitor__open_opts(NULL);
}

static inline int
xdp_monitor__load(struct xdp_monitor *obj)
{
	return bpf_object__load_skeleton(obj->skeleton);
}

static inline struct xdp_monitor *
xdp_monitor__open_and_load(void)
{
	struct xdp_monitor *obj;
	int err;

	obj = xdp_monitor__open();
	if (!obj)
		return NULL;
	err = xdp_monitor__load(obj);
	if (err) {
		xdp_monitor__destroy(obj);
		errno = -err;
		return NULL;
	}
	return obj;
}

static inline int
xdp_monitor__attach(struct xdp_monitor *obj)
{
	return bpf_object__attach_skeleton(obj->skeleton);
}

static inline void
xdp_monitor__detach(struct xdp_monitor *obj)
{
	bpf_object__detach_skeleton(obj->skeleton);
}

static inline const void *xdp_monitor__elf_bytes(size_t *sz);

static inline int
xdp_monitor__create_skeleton(struct xdp_monitor *obj)
{
	struct bpf_object_skeleton *s;
	struct bpf_map_skeleton *map __attribute__((unused));
	int err;

	s = (struct bpf_object_skeleton *)calloc(1, sizeof(*s));
	if (!s)	{
		err = -ENOMEM;
		goto err;
	}

	s->sz = sizeof(*s);
	s->name = "xdp_monitor";
	s->obj = &obj->obj;

	/* maps */
	s->map_cnt = 10;
	s->map_skel_sz = 24;
	s->maps = (struct bpf_map_skeleton *)calloc(s->map_cnt,
			sizeof(*s->maps) > 24 ? sizeof(*s->maps) : 24);
	if (!s->maps) {
		err = -ENOMEM;
		goto err;
	}

	map = (struct bpf_map_skeleton *)((char *)s->maps + 0 * s->map_skel_sz);
	map->name = "rx_cnt";
	map->map = &obj->maps.rx_cnt;

	map = (struct bpf_map_skeleton *)((char *)s->maps + 1 * s->map_skel_sz);
	map->name = "redir_err_cnt";
	map->map = &obj->maps.redir_err_cnt;

	map = (struct bpf_map_skeleton *)((char *)s->maps + 2 * s->map_skel_sz);
	map->name = "cpumap_enqueue_cnt";
	map->map = &obj->maps.cpumap_enqueue_cnt;

	map = (struct bpf_map_skeleton *)((char *)s->maps + 3 * s->map_skel_sz);
	map->name = "cpumap_kthread_cnt";
	map->map = &obj->maps.cpumap_kthread_cnt;

	map = (struct bpf_map_skeleton *)((char *)s->maps + 4 * s->map_skel_sz);
	map->name = "exception_cnt";
	map->map = &obj->maps.exception_cnt;

	map = (struct bpf_map_skeleton *)((char *)s->maps + 5 * s->map_skel_sz);
	map->name = "devmap_xmit_cnt";
	map->map = &obj->maps.devmap_xmit_cnt;

	map = (struct bpf_map_skeleton *)((char *)s->maps + 6 * s->map_skel_sz);
	map->name = "rxq_cnt";
	map->map = &obj->maps.rxq_cnt;

	map = (struct bpf_map_skeleton *)((char *)s->maps + 7 * s->map_skel_sz);
	map->name = "devmap_xmit_cnt_multi";
	map->map = &obj->maps.devmap_xmit_cnt_multi;

	map = (struct bpf_map_skeleton *)((char *)s->maps + 8 * s->map_skel_sz);
	map->name = "xdp_moni.rodata";
	map->map = &obj->maps.rodata;
	map->mmaped = (void **)&obj->rodata;

	map = (struct bpf_map_skeleton *)((char *)s->maps + 9 * s->map_skel_sz);
	map->name = "xdp_moni.bss";
	map->map = &obj->maps.bss;
	map->mmaped = (void **)&obj->bss;

	/* programs */
	s->prog_cnt = 8;
	s->prog_skel_sz = sizeof(*s->progs);
	s->progs = (struct bpf_prog_skeleton *)calloc(s->prog_cnt, s->prog_skel_sz);
	if (!s->progs) {
		err = -ENOMEM;
		goto err;
	}

	s->progs[0].name = "tp_xdp_redirect_err";
	s->progs[0].prog = &obj->progs.tp_xdp_redirect_err;
	s->progs[0].link = &obj->links.tp_xdp_redirect_err;

	s->progs[1].name = "tp_xdp_redirect";
	s->progs[1].prog = &obj->progs.tp_xdp_redirect;
	s->progs[1].link = &obj->links.tp_xdp_redirect;

	s->progs[2].name = "tp_xdp_cpumap_enqueue";
	s->progs[2].prog = &obj->progs.tp_xdp_cpumap_enqueue;
	s->progs[2].link = &obj->links.tp_xdp_cpumap_enqueue;

	s->progs[3].name = "tp_xdp_cpumap_kthread";
	s->progs[3].prog = &obj->progs.tp_xdp_cpumap_kthread;
	s->progs[3].link = &obj->links.tp_xdp_cpumap_kthread;

	s->progs[4].name = "tp_xdp_cpumap_compat";
	s->progs[4].prog = &obj->progs.tp_xdp_cpumap_compat;
	s->progs[4].link = &obj->links.tp_xdp_cpumap_compat;

	s->progs[5].name = "tp_xdp_exception";
	s->progs[5].prog = &obj->progs.tp_xdp_exception;
	s->progs[5].link = &obj->links.tp_xdp_exception;

	s->progs[6].name = "tp_xdp_devmap_xmit";
	s->progs[6].prog = &obj->progs.tp_xdp_devmap_xmit;
	s->progs[6].link = &obj->links.tp_xdp_devmap_xmit;

	s->progs[7].name = "tp_xdp_devmap_xmit_multi";
	s->progs[7].prog = &obj->progs.tp_xdp_devmap_xmit_multi;
	s->progs[7].link = &obj->links.tp_xdp_devmap_xmit_multi;

	s->data = xdp_monitor__elf_bytes(&s->data_sz);

	obj->skeleton = s;
	return 0;
err:
	bpf_object__destroy_skeleton(s);
	return err;
}

static inline const void *xdp_monitor__elf_bytes(size_t *sz)
{
	static const char data[] __attribute__((__aligned__(8))) = "\
\x7f\x45\x4c\x46\x02\x01\x01\0\0\0\0\0\0\0\0\0\x01\0\xf7\0\x01\0\0\0\0\0\0\0\0\
\0\0\0\0\0\0\0\0\0\0\0\x10\x95\0\0\0\0\0\0\0\0\0\0\x40\0\0\0\0\0\x40\0\x28\0\
\x01\0\x79\x12\0\0\0\0\0\0\x79\x16\x18\0\0\0\0\0\x61\x27\0\0\0\0\0\0\x85\0\0\0\
\x08\0\0\0\x18\x01\0\0\0\0\0\0\0\0\0\0\0\0\0\0\x61\x12\0\0\0\0\0\0\x61\x13\0\0\
\0\0\0\0\x15\x03\x0e\0\0\0\0\0\x61\x11\0\0\0\0\0\0\x1d\x71\x0d\0\0\0\0\0\xb7\
\x01\0\0\x04\0\0\0\x05\0\x02\0\0\0\0\0\x07\x01\0\0\x04\0\0\0\x15\x01\x3c\0\x80\
\0\0\0\x18\x02\0\0\0\0\0\0\0\0\0\0\0\0\0\0\x0f\x12\0\0\0\0\0\0\x61\x23\0\0\0\0\
\0\0\x15\x03\x37\0\0\0\0\0\x61\x22\0\0\0\0\0\0\x1d\x72\x02\0\0\0\0\0\x05\0\xf6\
\xff\0\0\0\0\x55\x02\x33\0\0\0\0\0\xbf\x67\0\0\0\0\0\0\x67\x07\0\0\x20\0\0\0\
\x77\x07\0\0\x20\0\0\0\x18\x01\0\0\xa5\xff\xff\xff\0\0\0\0\0\0\0\0\x6d\x17\x0a\
\0\0\0\0\0\x15\x07\x1c\0\0\0\0\0\x18\x01\0\0\x9c\xff\xff\xff\0\0\0\0\0\0\0\0\
\x1d\x17\x15\0\0\0\0\0\x18\x01\0\0\xa1\xff\xff\xff\0\0\0\0\0\0\0\0\x1d\x17\x01\
\0\0\0\0\0\x05\0\x0f\0\0\0\0\0\xb7\x06\0\0\x05\0\0\0\x05\0\x12\0\0\0\0\0\x18\
\x01\0\0\xa6\xff\xff\xff\0\0\0\0\0\0\0\0\x1d\x17\x08\0\0\0\0\0\x18\x01\0\0\xe4\
\xff\xff\xff\0\0\0\0\0\0\0\0\x1d\x17\x0b\0\0\0\0\0\x18\x01\0\0\xea\xff\xff\xff\
\0\0\0\0\0\0\0\0\x5d\x17\x04\0\0\0\0\0\xb7\x06\0\0\x02\0\0\0\x05\0\x07\0\0\0\0\
\0\xb7\x06\0\0\x04\0\0\0\x05\0\x05\0\0\0\0\0\xb7\x06\0\0\x01\0\0\0\x05\0\x03\0\
\0\0\0\0\xb7\x06\0\0\x03\0\0\0\x05\0\x01\0\0\0\0\0\xb7\x06\0\0\x06\0\0\0\xb7\
\x07\0\0\x08\0\0\0\x18\x01\0\0\0\0\0\0\0\0\0\0\0\0\0\0\x61\x11\0\0\0\0\0\0\x2f\
\x61\0\0\0\0\0\0\x0f\x01\0\0\0\0\0\0\x63\x1a\xfc\xff\0\0\0\0\xbf\xa2\0\0\0\0\0\
\0\x07\x02\0\0\xfc\xff\xff\xff\x18\x01\0\0\0\0\0\0\0\0\0\0\0\0\0\0\x85\0\0\0\
\x01\0\0\0\x15\0\x04\0\0\0\0\0\x0f\x70\0\0\0\0\0\0\x79\x01\0\0\0\0\0\0\x07\x01\
\0\0\x01\0\0\0\x7b\x10\0\0\0\0\0\0\xb7\0\0\0\0\0\0\0\x95\0\0\0\0\0\0\0\x79\x12\
\0\0\0\0\0\0\x79\x16\x18\0\0\0\0\0\x61\x27\0\0\0\0\0\0\x85\0\0\0\x08\0\0\0\x18\
\x01\0\0\0\0\0\0\0\0\0\0\0\0\0\0\x61\x12\0\0\0\0\0\0\x61\x13\0\0\0\0\0\0\x15\
\x03\x0e\0\0\0\0\0\x61\x11\0\0\0\0\0\0\x1d\x71\x0d\0\0\0\0\0\xb7\x01\0\0\x04\0\
\0\0\x05\0\x02\0\0\0\0\0\x07\x01\0\0\x04\0\0\0\x15\x01\x3c\0\x80\0\0\0\x18\x02\
\0\0\0\0\0\0\0\0\0\0\0\0\0\0\x0f\x12\0\0\0\0\0\0\x61\x23\0\0\0\0\0\0\x15\x03\
\x37\0\0\0\0\0\x61\x22\0\0\0\0\0\0\x1d\x72\x02\0\0\0\0\0\x05\0\xf6\xff\0\0\0\0\
\x55\x02\x33\0\0\0\0\0\xbf\x67\0\0\0\0\0\0\x67\x07\0\0\x20\0\0\0\x77\x07\0\0\
\x20\0\0\0\x18\x01\0\0\xa5\xff\xff\xff\0\0\0\0\0\0\0\0\x6d\x17\x0a\0\0\0\0\0\
\x15\x07\x1c\0\0\0\0\0\x18\x01\0\0\x9c\xff\xff\xff\0\0\0\0\0\0\0\0\x1d\x17\x15\
\0\0\0\0\0\x18\x01\0\0\xa1\xff\xff\xff\0\0\0\0\0\0\0\0\x1d\x17\x01\0\0\0\0\0\
\x05\0\x0f\0\0\0\0\0\xb7\x06\0\0\x05\0\0\0\x05\0\x12\0\0\0\0\0\x18\x01\0\0\xa6\
\xff\xff\xff\0\0\0\0\0\0\0\0\x1d\x17\x08\0\0\0\0\0\x18\x01\0\0\xe4\xff\xff\xff\
\0\0\0\0\0\0\0\0\x1d\x17\x0b\0\0\0\0\0\x18\x01\0\0\xea\xff\xff\xff\0\0\0\0\0\0\
\0\0\x5d\x17\x04\0\0\0\0\0\xb7\x06\0\0\x02\0\0\0\x05\0\x07\0\0\0\0\0\xb7\x06\0\
\0\x04\0\0\0\x05\0\x05\0\0\0\0\0\xb7\x06\0\0\x01\0\0\0\x05\0\x03\0\0\0\0\0\xb7\
\x06\0\0\x03\0\0\0\x05\0\x01\0\0\0\0\0\xb7\x06\0\0\x06\0\0\0\xb7\x07\0\0\x08\0\
\0\0\x18\x01\0\0\0\0\0\0\0\0\0\0\0\0\0\0\x61\x11\0\0\0\0\0\0\x2f\x61\0\0\0\0\0\
\0\x0f\x01\0\0\0\0\0\0\x63\x1a\xfc\xff\0\0\0\0\xbf\xa2\0\0\0\0\0\0\x07\x02\0\0\
\xfc\xff\xff\xff\x18\x01\0\0\0\0\0\0\0\0\0\0\0\0\0\0\x85\0\0\0\x01\0\0\0\x15\0\
\x04\0\0\0\0\0\x0f\x70\0\0\0\0\0\0\x79\x01\0\0\0\0\0\0\x07\x01\0\0\x01\0\0\0\
\x7b\x10\0\0\0\0\0\0\xb7\0\0\0\0\0\0\0\x95\0\0\0\0\0\0\0\x79\x19\0\0\0\0\0\0\
\x79\x18\x18\0\0\0\0\0\x79\x16\x08\0\0\0\0\0\x79\x17\x10\0\0\0\0\0\x85\0\0\0\
\x08\0\0\0\x18\x01\0\0\0\0\0\0\0\0\0\0\0\0\0\0\x61\x11\0\0\0\0\0\0\x15\x01\x03\
\0\0\0\0\0\x67\x09\0\0\x20\0\0\0\x77\x09\0\0\x20\0\0\0\x5d\x91\x1a\0\0\0\0\0\
\x18\x01\0\0\0\0\0\0\0\0\0\0\0\0\0\0\x61\x11\0\0\0\0\0\0\x2f\x81\0\0\0\0\0\0\
\x0f\x01\0\0\0\0\0\0\x63\x1a\xfc\xff\0\0\0\0\xbf\xa2\0\0\0\0\0\0\x07\x02\0\0\
\xfc\xff\xff\xff\x18\x01\0\0\0\0\0\0\0\0\0\0\0\0\0\0\x85\0\0\0\x01\0\0\0\x15\0\
\x0e\0\0\0\0\0\x67\x07\0\0\x20\0\0\0\x77\x07\0\0\x20\0\0\0\x67\x06\0\0\x20\0\0\
\0\x77\x06\0\0\x20\0\0\0\x79\x01\0\0\0\0\0\0\x0f\x61\0\0\0\0\0\0\x7b\x10\0\0\0\
\0\0\0\x79\x01\x08\0\0\0\0\0\x0f\x71\0\0\0\0\0\0\x7b\x10\x08\0\0\0\0\0\x15\x06\
\x03\0\0\0\0\0\x79\x01\x10\0\0\0\0\0\x07\x01\0\0\x01\0\0\0\x7b\x10\x10\0\0\0\0\
\0\xb7\0\0\0\0\0\0\0\x95\0\0\0\0\0\0\0\x79\x17\x20\0\0\0\0\0\x79\x16\x18\0\0\0\
\0\0\x79\x18\x10\0\0\0\0\0\x79\x19\x08\0\0\0\0\0\x18\x02\0\0\0\0\0\0\0\0\0\0\0\
\0\0\0\x61\x22\0\0\0\0\0\0\x15\x02\x04\0\0\0\0\0\x79\x11\0\0\0\0\0\0\x67\x01\0\
\0\x20\0\0\0\x77\x01\0\0\x20\0\0\0\x5d\x12\x24\0\0\0\0\0\x85\0\0\0\x08\0\0\0\
\x63\x0a\xfc\xff\0\0\0\0\xbf\xa2\0\0\0\0\0\0\x07\x02\0\0\xfc\xff\xff\xff\x18\
\x01\0\0\0\0\0\0\0\0\0\0\0\0\0\0\x85\0\0\0\x01\0\0\0\x15\0\x1c\0\0\0\0\0\x67\
\x06\0\0\x20\0\0\0\x77\x06\0\0\x20\0\0\0\x67\x08\0\0\x20\0\0\0\x77\x08\0\0\x20\
\0\0\0\x67\x09\0\0\x20\0\0\0\x77\x09\0\0\x20\0\0\0\x79\x01\0\0\0\0\0\0\x0f\x91\
\0\0\0\0\0\0\x7b\x10\0\0\0\0\0\0\x79\x01\x08\0\0\0\0\0\x0f\x81\0\0\0\0\0\0\x7b\
\x10\x08\0\0\0\0\0\x79\x01\x18\0\0\0\0\0\x61\x72\x04\0\0\0\0\0\x0f\x21\0\0\0\0\
\0\0\x7b\x10\x18\0\0\0\0\0\x79\x01\x20\0\0\0\0\0\x61\x72\x08\0\0\0\0\0\x0f\x21\
\0\0\0\0\0\0\x7b\x10\x20\0\0\0\0\0\x79\x01\x28\0\0\0\0\0\x61\x72\0\0\0\0\0\0\
\x0f\x21\0\0\0\0\0\0\x7b\x10\x28\0\0\0\0\0\x15\x06\x03\0\0\0\0\0\x79\x01\x10\0\
\0\0\0\0\x07\x01\0\0\x01\0\0\0\x7b\x10\x10\0\0\0\0\0\xb7\0\0\0\0\0\0\0\x95\0\0\
\0\0\0\0\0\x79\x16\x18\0\0\0\0\0\x79\x17\x10\0\0\0\0\0\x79\x18\x08\0\0\0\0\0\
\x18\x02\0\0\0\0\0\0\0\0\0\0\0\0\0\0\x61\x22\0\0\0\0\0\0\x15\x02\x04\0\0\0\0\0\
\x79\x11\0\0\0\0\0\0\x67\x01\0\0\x20\0\0\0\x77\x01\0\0\x20\0\0\0\x5d\x12\x18\0\
\0\0\0\0\x85\0\0\0\x08\0\0\0\x63\x0a\xfc\xff\0\0\0\0\xbf\xa2\0\0\0\0\0\0\x07\
\x02\0\0\xfc\xff\xff\xff\x18\x01\0\0\0\0\0\0\0\0\0\0\0\0\0\0\x85\0\0\0\x01\0\0\
\0\x15\0\x10\0\0\0\0\0\x67\x06\0\0\x20\0\0\0\x77\x06\0\0\x20\0\0\0\x67\x07\0\0\
\x20\0\0\0\x77\x07\0\0\x20\0\0\0\x67\x08\0\0\x20\0\0\0\x77\x08\0\0\x20\0\0\0\
\x79\x01\0\0\0\0\0\0\x0f\x81\0\0\0\0\0\0\x7b\x10\0\0\0\0\0\0\x79\x01\x08\0\0\0\
\0\0\x0f\x71\0\0\0\0\0\0\x7b\x10\x08\0\0\0\0\0\x15\x06\x03\0\0\0\0\0\x79\x01\
\x10\0\0\0\0\0\x07\x01\0\0\x01\0\0\0\x7b\x10\x10\0\0\0\0\0\xb7\0\0\0\0\0\0\0\
\x95\0\0\0\0\0\0\0\x79\x16\x10\0\0\0\0\0\x79\x17\0\0\0\0\0\0\x85\0\0\0\x08\0\0\
\0\x18\x01\0\0\0\0\0\0\0\0\0\0\0\0\0\0\x61\x12\0\0\0\0\0\0\x61\x13\0\0\0\0\0\0\
\x15\x03\x0f\0\0\0\0\0\x61\x12\0\0\0\0\0\0\x61\x71\0\0\0\0\0\0\x1d\x12\x0d\0\0\
\0\0\0\xb7\x02\0\0\x04\0\0\0\x05\0\x02\0\0\0\0\0\x07\x02\0\0\x04\0\0\0\x15\x02\
\x32\0\x80\0\0\0\x18\x03\0\0\0\0\0\0\0\0\0\0\0\0\0\0\x0f\x23\0\0\0\0\0\0\x61\
\x34\0\0\0\0\0\0\x15\x04\x2d\0\0\0\0\0\x61\x33\0\0\0\0\0\0\x1d\x13\x02\0\0\0\0\
\0\x05\0\xf6\xff\0\0\0\0\x55\x02\x29\0\0\0\0\0\x18\x01\0\0\0\0\0\0\0\0\0\0\0\0\
\0\0\x61\x12\0\0\0\0\0\0\x61\x13\0\0\0\0\0\0\x15\x03\x0f\0\0\0\0\0\x61\x12\0\0\
\0\0\0\0\x61\x71\0\0\0\0\0\0\x1d\x12\x0d\0\0\0\0\0\xb7\x02\0\0\x04\0\0\0\x05\0\
\x02\0\0\0\0\0\x07\x02\0\0\x04\0\0\0\x15\x02\x1d\0\x80\0\0\0\x18\x03\0\0\0\0\0\
\0\0\0\0\0\0\0\0\0\x0f\x23\0\0\0\0\0\0\x61\x34\0\0\0\0\0\0\x15\x04\x18\0\0\0\0\
\0\x61\x33\0\0\0\0\0\0\x1d\x13\x02\0\0\0\0\0\x05\0\xf6\xff\0\0\0\0\x55\x02\x14\
\0\0\0\0\0\x67\x06\0\0\x20\0\0\0\x77\x06\0\0\x20\0\0\0\xb7\x01\0\0\x05\0\0\0\
\x2d\x61\x01\0\0\0\0\0\xb7\x06\0\0\x05\0\0\0\x18\x01\0\0\0\0\0\0\0\0\0\0\0\0\0\
\0\x61\x11\0\0\0\0\0\0\x2f\x61\0\0\0\0\0\0\x0f\x01\0\0\0\0\0\0\x63\x1a\xfc\xff\
\0\0\0\0\xbf\xa2\0\0\0\0\0\0\x07\x02\0\0\xfc\xff\xff\xff\x18\x01\0\0\0\0\0\0\0\
\0\0\0\0\0\0\0\x85\0\0\0\x01\0\0\0\x15\0\x03\0\0\0\0\0\x79\x01\x08\0\0\0\0\0\
\x07\x01\0\0\x01\0\0\0\x7b\x10\x08\0\0\0\0\0\xb7\0\0\0\0\0\0\0\x95\0\0\0\0\0\0\
\0\x79\x12\0\0\0\0\0\0\x79\x13\x08\0\0\0\0\0\x79\x16\x18\0\0\0\0\0\x79\x18\x10\
\0\0\0\0\0\x79\x17\x20\0\0\0\0\0\x61\x31\0\0\0\0\0\0\x61\x22\0\0\0\0\0\0\x18\
\x03\0\0\0\0\0\0\0\0\0\0\0\0\0\0\x61\x34\0\0\0\0\0\0\x61\x35\0\0\0\0\0\0\x15\
\x05\x0e\0\0\0\0\0\x61\x33\0\0\0\0\0\0\x1d\x23\x0d\0\0\0\0\0\xb7\x03\0\0\x04\0\
\0\0\x05\0\x02\0\0\0\0\0\x07\x03\0\0\x04\0\0\0\x15\x03\x3d\0\x80\0\0\0\x18\x04\
\0\0\0\0\0\0\0\0\0\0\0\0\0\0\x0f\x34\0\0\0\0\0\0\x61\x45\0\0\0\0\0\0\x15\x05\
\x38\0\0\0\0\0\x61\x44\0\0\0\0\0\0\x1d\x24\x02\0\0\0\0\0\x05\0\xf6\xff\0\0\0\0\
\x55\x04\x34\0\0\0\0\0\x18\x02\0\0\0\0\0\0\0\0\0\0\0\0\0\0\x61\x23\0\0\0\0\0\0\
\x61\x24\0\0\0\0\0\0\x15\x04\x0e\0\0\0\0\0\x61\x22\0\0\0\0\0\0\x1d\x12\x0d\0\0\
\0\0\0\xb7\x02\0\0\x04\0\0\0\x05\0\x02\0\0\0\0\0\x07\x02\0\0\x04\0\0\0\x15\x02\
\x29\0\x80\0\0\0\x18\x03\0\0\0\0\0\0\0\0\0\0\0\0\0\0\x0f\x23\0\0\0\0\0\0\x61\
\x34\0\0\0\0\0\0\x15\x04\x24\0\0\0\0\0\x61\x33\0\0\0\0\0\0\x1d\x13\x02\0\0\0\0\
\0\x05\0\xf6\xff\0\0\0\0\x55\x03\x20\0\0\0\0\0\x85\0\0\0\x08\0\0\0\x63\x0a\xfc\
\xff\0\0\0\0\xbf\xa2\0\0\0\0\0\0\x07\x02\0\0\xfc\xff\xff\xff\x18\x01\0\0\0\0\0\
\0\0\0\0\0\0\0\0\0\x85\0\0\0\x01\0\0\0\x15\0\x18\0\0\0\0\0\x67\x07\0\0\x20\0\0\
\0\x77\x07\0\0\x20\0\0\0\x67\x08\0\0\x20\0\0\0\xc7\x08\0\0\x20\0\0\0\x79\x01\0\
\0\0\0\0\0\x0f\x81\0\0\0\0\0\0\x7b\x10\0\0\0\0\0\0\xbf\x61\0\0\0\0\0\0\x67\x01\
\0\0\x20\0\0\0\xc7\x01\0\0\x20\0\0\0\x79\x02\x08\0\0\0\0\0\x0f\x12\0\0\0\0\0\0\
\x7b\x20\x08\0\0\0\0\0\x79\x01\x18\0\0\0\0\0\x07\x01\0\0\x01\0\0\0\x7b\x10\x18\
\0\0\0\0\0\x18\x01\0\0\0\0\0\x80\0\0\0\0\0\0\0\0\x5f\x16\0\0\0\0\0\0\x4f\x67\0\
\0\0\0\0\0\x15\x07\x03\0\0\0\0\0\x79\x01\x10\0\0\0\0\0\x07\x01\0\0\x01\0\0\0\
\x7b\x10\x10\0\0\0\0\0\xb7\0\0\0\0\0\0\0\x95\0\0\0\0\0\0\0\x79\x17\x18\0\0\0\0\
\0\x79\x19\x10\0\0\0\0\0\x79\x18\x20\0\0\0\0\0\x79\x12\x08\0\0\0\0\0\x79\x13\0\
\0\0\0\0\0\xb7\x01\0\0\0\0\0\0\x7b\x1a\xf8\xff\0\0\0\0\x7b\x1a\xf0\xff\0\0\0\0\
\x7b\x1a\xe8\xff\0\0\0\0\x7b\x1a\xe0\xff\0\0\0\0\x7b\x1a\xd8\xff\0\0\0\0\x7b\
\x1a\xd0\xff\0\0\0\0\x7b\x1a\xc8\xff\0\0\0\0\x7b\x1a\xc0\xff\0\0\0\0\x61\x21\0\
\0\0\0\0\0\x67\x01\0\0\x20\0\0\0\xc7\x01\0\0\x20\0\0\0\x61\x32\0\0\0\0\0\0\xbf\
\x23\0\0\0\0\0\0\x67\x03\0\0\x20\0\0\0\x4f\x13\0\0\0\0\0\0\x7b\x3a\xb8\xff\0\0\
\0\0\x18\x03\0\0\0\0\0\0\0\0\0\0\0\0\0\0\x61\x34\0\0\0\0\0\0\x61\x35\0\0\0\0\0\
\0\x15\x05\x0e\0\0\0\0\0\x61\x33\0\0\0\0\0\0\x1d\x23\x0d\0\0\0\0\0\xb7\x03\0\0\
\x04\0\0\0\x05\0\x02\0\0\0\0\0\x07\x03\0\0\x04\0\0\0\x15\x03\x45\0\x80\0\0\0\
\x18\x04\0\0\0\0\0\0\0\0\0\0\0\0\0\0\x0f\x34\0\0\0\0\0\0\x61\x45\0\0\0\0\0\0\
\x15\x05\x40\0\0\0\0\0\x61\x44\0\0\0\0\0\0\x1d\x24\x02\0\0\0\0\0\x05\0\xf6\xff\
\0\0\0\0\x55\x04\x3c\0\0\0\0\0\x18\x02\0\0\0\0\0\0\0\0\0\0\0\0\0\0\x61\x23\0\0\
\0\0\0\0\x61\x24\0\0\0\0\0\0\x15\x04\x10\0\0\0\0\0\x67\x01\0\0\x20\0\0\0\x77\
\x01\0\0\x20\0\0\0\x61\x22\0\0\0\0\0\0\x1d\x12\x0d\0\0\0\0\0\xb7\x02\0\0\x04\0\
\0\0\x05\0\x02\0\0\0\0\0\x07\x02\0\0\x04\0\0\0\x15\x02\x2f\0\x80\0\0\0\x18\x03\
\0\0\0\0\0\0\0\0\0\0\0\0\0\0\x0f\x23\0\0\0\0\0\0\x61\x34\0\0\0\0\0\0\x15\x04\
\x2a\0\0\0\0\0\x61\x33\0\0\0\0\0\0\x1d\x13\x02\0\0\0\0\0\x05\0\xf6\xff\0\0\0\0\
\x55\x03\x26\0\0\0\0\0\xbf\xa6\0\0\0\0\0\0\x07\x06\0\0\xb8\xff\xff\xff\xbf\xa3\
\0\0\0\0\0\0\x07\x03\0\0\xc0\xff\xff\xff\x18\x01\0\0\0\0\0\0\0\0\0\0\0\0\0\0\
\xbf\x62\0\0\0\0\0\0\xb7\x04\0\0\x01\0\0\0\x85\0\0\0\x02\0\0\0\x18\x01\0\0\0\0\
\0\0\0\0\0\0\0\0\0\0\xbf\x62\0\0\0\0\0\0\x85\0\0\0\x01\0\0\0\x15\0\x18\0\0\0\0\
\0\x67\x08\0\0\x20\0\0\0\x77\x08\0\0\x20\0\0\0\x67\x09\0\0\x20\0\0\0\xc7\x09\0\
\0\x20\0\0\0\x79\x01\0\0\0\0\0\0\x0f\x91\0\0\0\0\0\0\x7b\x10\0\0\0\0\0\0\xbf\
\x71\0\0\0\0\0\0\x67\x01\0\0\x20\0\0\0\xc7\x01\0\0\x20\0\0\0\x79\x02\x08\0\0\0\
\0\0\x0f\x12\0\0\0\0\0\0\x7b\x20\x08\0\0\0\0\0\x79\x01\x18\0\0\0\0\0\x07\x01\0\
\0\x01\0\0\0\x7b\x10\x18\0\0\0\0\0\x18\x01\0\0\0\0\0\x80\0\0\0\0\0\0\0\0\x5f\
\x17\0\0\0\0\0\0\x4f\x78\0\0\0\0\0\0\x15\x08\x03\0\0\0\0\0\x79\x01\x10\0\0\0\0\
\0\x07\x01\0\0\x01\0\0\0\x7b\x10\x10\0\0\0\0\0\xb7\0\0\0\0\0\0\0\x95\0\0\0\0\0\
\0\0\0\0\0\0\0\0\0\0\0\0\0\0\0\0\0\0\0\0\0\0\0\0\0\0\0\0\0\0\0\0\0\0\0\0\0\0\0\
\0\0\0\0\0\0\0\0\0\0\0\0\0\0\0\0\0\0\0\0\0\0\0\0\0\0\0\0\0\0\0\0\0\0\0\0\0\0\0\
\0\0\0\0\0\0\0\0\0\0\0\0\0\0\0\0\0\0\0\0\0\0\0\0\0\0\0\0\0\0\0\0\0\0\0\0\0\0\0\
\0\0\0\0\0\0\0\0\0\0\0\0\0\0\0\0\0\0\0\0\0\0\0\0\0\0\0\0\0\0\0\0\0\0\0\0\0\0\0\
\0\0\0\0\0\0\0\0\0\0\0\0\0\0\0\0\0\0\0\0\0\0\0\0\0\0\0\0\0\0\0\0\0\0\0\0\0\0\0\
\0\0\0\0\0\0\0\0\0\0\0\0\0\0\0\0\0\0\0\0\0\0\0\0\0\0\0\0\0\0\0\0\0\0\0\0\0\0\0\
\0\0\0\0\0\0\0\0\0\0\0\0\0\0\0\0\0\0\0\0\0\0\0\0\0\0\0\0\x47\x50\x4c\0\0\0\0\0\
\0\0\0\0\0\0\0\0\0\0\0\0\0\0\0\0\0\0\0\0\0\0\0\0\0\0\0\0\0\0\0\0\0\0\0\0\0\0\0\
\0\0\0\0\0\0\0\0\0\0\0\0\0\0\0\0\0\0\0\0\0\0\0\0\0\0\0\0\0\0\0\0\0\0\0\0\0\0\0\
\0\0\0\0\0\0\0\0\0\0\0\0\0\0\0\0\0\0\0\0\0\0\0\0\0\0\0\0\0\0\0\0\0\0\0\0\0\0\0\
\0\0\0\0\0\0\0\0\0\0\0\0\0\0\0\0\0\0\0\0\0\0\0\0\0\0\0\0\0\0\0\0\0\0\0\0\0\0\0\
\0\0\0\0\0\0\0\0\0\0\0\0\0\0\0\0\0\0\0\0\0\0\0\0\0\0\0\0\0\0\0\0\0\0\0\0\0\0\0\
\0\0\0\0\0\0\0\0\0\0\0\0\0\0\0\0\0\0\0\0\0\0\0\0\0\0\0\0\0\0\0\0\0\0\0\0\0\0\0\
\0\0\0\0\0\0\0\0\0\0\0\0\0\0\0\0\0\0\x9f\x0a\0\0\x05\0\x08\0\x65\0\0\0\x94\x01\
\0\0\x9a\x01\0\0\xa0\x01\0\0\x14\x02\0\0\x88\x02\0\0\xc5\x02\0\0\xd6\x02\0\0\
\xff\x02\0\0\x09\x03\0\0\x0f\x03\0\0\x15\x03\0\0\x89\x03\0\0\xfd\x03\0\0\x3a\
\x04\0\0\x4b\x04\0\0\x74\x04\0\0\x7e\x04\0\0\x84\x04\0\0\x8c\x04\0\0\xa6\x04\0\
\0\xbc\x04\0\0\xd2\x04\0\0\xdc\x04\0\0\xee\x04\0\0\xf8\x04\0\0\x0a\x05\0\0\x14\
\x05\0\0\x26\x05\0\0\x30\x05\0\0\x36\x05\0\0\x4c\x05\0\0\x62\x05\0\0\x6a\x05\0\
\0\x72\x05\0\0\x88\x05\0\0\x92\x05\0\0\xa4\x05\0\0\xae\x05\0\0\xc0\x05\0\0\xca\
\x05\0\0\xdc\x05\0\0\xe6\x05\0\0\xf8\x05\0\0\x02\x06\0\0\x14\x06\0\0\x1e\x06\0\
\0\x30\x06\0\0\x3a\x06\0\0\x44\x06\0\0\x5a\x06\0\0\x64\x06\0\0\x7a\x06\0\0\x90\
\x06\0\0\x9a\x06\0\0\xa4\x06\0\0\xb6\x06\0\0\xc0\x06\0\0\xd2\x06\0\0\xdc\x06\0\
\0\xee\x06\0\0\xf8\x06\0\0\xfe\x06\0\0\x13\x07\0\0\x2f\x07\0\0\x6c\x07\0\0\xb0\
\x07\0\0\xba\x07\0\0\xcc\x07\0\0\xd6\x07\0\0\xdc\x07\0\0\xf2\x07\0\0\x07\x08\0\
\0\x1c\x08\0\0\x5d\x08\0\0\xa1\x08\0\0\xab\x08\0\0\xbd\x08\0\0\xc7\x08\0\0\xd9\
\x08\0\0\xe3\x08\0\0\xf5\x08\0\0\xff\x08\0\0\x11\x09\0\0\x1b\x09\0\0\x25\x09\0\
\0\x3f\x09\0\0\x49\x09\0\0\x5f\x09\0\0\x75\x09\0\0\x8b\x09\0\0\xcf\x09\0\0\xd9\
\x09\0\0\x1d\x0a\0\0\x27\x0a\0\0\x39\x0a\0\0\x43\x0a\0\0\x55\x0a\0\0\x5f\x0a\0\
\0\x71\x0a\0\0\x7b\x0a\0\0\x8d\x0a\0\0\x03\x0d\x20\x01\x51\0\x03\x0d\x20\x01\
\x51\0\x01\x0d\x04\x10\xb8\x02\x0d\x76\0\xa8\xaf\x80\x80\0\xa8\xb3\x80\x80\0\
\x9f\x04\xc0\x02\x90\x03\x0d\x76\0\xa8\xaf\x80\x80\0\xa8\xb3\x80\x80\0\x9f\x04\
\x98\x03\xa0\x03\x0d\x76\0\xa8\xaf\x80\x80\0\xa8\xb3\x80\x80\0\x9f\x04\xa8\x03\
\xb0\x03\x0d\x76\0\xa8\xaf\x80\x80\0\xa8\xb3\x80\x80\0\x9f\x04\xb8\x03\xc0\x03\
\x0d\x76\0\xa8\xaf\x80\x80\0\xa8\xb3\x80\x80\0\x9f\x04\xc8\x03\xd0\x03\x0d\x76\
\0\xa8\xaf\x80\x80\0\xa8\xb3\x80\x80\0\x9f\0\x01\x0d\x04\x18\xb8\x02\x0d\x76\0\
\xa8\xaf\x80\x80\0\xa8\xb3\x80\x80\0\x9f\x04\xc0\x02\x90\x03\x0d\x76\0\xa8\xaf\
\x80\x80\0\xa8\xb3\x80\x80\0\x9f\x04\x98\x03\xa0\x03\x0d\x76\0\xa8\xaf\x80\x80\
\0\xa8\xb3\x80\x80\0\x9f\x04\xa8\x03\xb0\x03\x0d\x76\0\xa8\xaf\x80\x80\0\xa8\
\xb3\x80\x80\0\x9f\x04\xb8\x03\xc0\x03\x0d\x76\0\xa8\xaf\x80\x80\0\xa8\xb3\x80\
\x80\0\x9f\x04\xc8\x03\xd0\x03\x0d\x76\0\xa8\xaf\x80\x80\0\xa8\xb3\x80\x80\0\
\x9f\0\x01\x0d\x04\x38\x50\x03\x11\0\x9f\x04\x50\x68\x05\x11\0\x23\x01\x9f\x04\
\x68\x70\x0c\x71\0\x11\x04\x1c\x11\x04\x1b\x11\x02\x22\x9f\x04\x78\xa8\x01\x0c\
\x71\0\x11\x04\x1c\x11\x04\x1b\x11\x01\x22\x9f\x04\xa8\x01\xb8\x01\x03\x71\x01\
\x9f\0\x01\x0d\x04\x38\xd8\x03\x02\x31\x9f\x04\xd8\x03\xd8\x04\x01\x56\0\x01\
\x0d\x04\xc0\x01\xb8\x02\x0d\x76\0\xa8\xaf\x80\x80\0\xa8\xb3\x80\x80\0\x9f\x04\
\xc0\x02\x88\x03\x0d\x76\0\xa8\xaf\x80\x80\0\xa8\xb3\x80\x80\0\x9f\0\x01\x0d\
\x04\xb0\x04\xc0\x04\x01\x50\0\x03\x14\x20\x01\x51\0\x03\x14\x20\x01\x51\0\x01\
\x14\x04\x10\xb8\x02\x0d\x76\0\xa8\xaf\x80\x80\0\xa8\xb3\x80\x80\0\x9f\x04\xc0\
\x02\x90\x03\x0d\x76\0\xa8\xaf\x80\x80\0\xa8\xb3\x80\x80\0\x9f\x04\x98\x03\xa0\
\x03\x0d\x76\0\xa8\xaf\x80\x80\0\xa8\xb3\x80\x80\0\x9f\x04\xa8\x03\xb0\x03\x0d\
\x76\0\xa8\xaf\x80\x80\0\xa8\xb3\x80\x80\0\x9f\x04\xb8\x03\xc0\x03\x0d\x76\0\
\xa8\xaf\x80\x80\0\xa8\xb3\x80\x80\0\x9f\x04\xc8\x03\xd0\x03\x0d\x76\0\xa8\xaf\
\x80\x80\0\xa8\xb3\x80\x80\0\x9f\0\x01\x14\x04\x18\xb8\x02\x0d\x76\0\xa8\xaf\
\x80\x80\0\xa8\xb3\x80\x80\0\x9f\x04\xc0\x02\x90\x03\x0d\x76\0\xa8\xaf\x80\x80\
\0\xa8\xb3\x80\x80\0\x9f\x04\x98\x03\xa0\x03\x0d\x76\0\xa8\xaf\x80\x80\0\xa8\
\xb3\x80\x80\0\x9f\x04\xa8\x03\xb0\x03\x0d\x76\0\xa8\xaf\x80\x80\0\xa8\xb3\x80\
\x80\0\x9f\x04\xb8\x03\xc0\x03\x0d\x76\0\xa8\xaf\x80\x80\0\xa8\xb3\x80\x80\0\
\x9f\x04\xc8\x03\xd0\x03\x0d\x76\0\xa8\xaf\x80\x80\0\xa8\xb3\x80\x80\0\x9f\0\
\x01\x14\x04\x38\x50\x03\x11\0\x9f\x04\x50\x68\x05\x11\0\x23\x01\x9f\x04\x68\
\x70\x0c\x71\0\x11\x04\x1c\x11\x04\x1b\x11\x02\x22\x9f\x04\x78\xa8\x01\x0c\x71\
\0\x11\x04\x1c\x11\x04\x1b\x11\x01\x22\x9f\x04\xa8\x01\xb8\x01\x03\x71\x01\x9f\
\0\x01\x14\x04\x38\xd8\x03\x02\x31\x9f\x04\xd8\x03\xd8\x04\x01\x56\0\x01\x14\
\x04\xc0\x01\xb8\x02\x0d\x76\0\xa8\xaf\x80\x80\0\xa8\xb3\x80\x80\0\x9f\x04\xc0\
\x02\x88\x03\x0d\x76\0\xa8\xaf\x80\x80\0\xa8\xb3\x80\x80\0\x9f\0\x01\x14\x04\
\xb0\x04\xc0\x04\x01\x50\0\x03\x1b\x28\x01\x51\0\x01\x1b\x04\x20\x50\x01\x59\0\
\x01\x1b\x04\x20\x78\x0d\x78\0\xa8\xaf\x80\x80\0\xa8\xb3\x80\x80\0\x9f\x04\x78\
\xb0\x02\x01\x58\0\x01\x1b\x04\xe0\x01\xb0\x02\x0d\x76\0\xa8\xaf\x80\x80\0\xa8\
\xb3\x80\x80\0\x9f\0\x01\x1b\x04\xe0\x01\xb0\x02\x0d\x77\0\xa8\xaf\x80\x80\0\
\xa8\xb3\x80\x80\0\x9f\0\x01\x1b\x04\xb8\x01\xb0\x02\x01\x50\0\x01\x1b\x04\xe0\
\x01\xe8\x01\x02\x30\x9f\x04\xe8\x01\xf0\x01\x01\x51\0\x01\x1b\x04\xf0\x01\x80\
\x02\x01\x51\0\x01\x1b\x04\xf8\x01\x80\x02\x02\x30\x9f\x04\x80\x02\x88\x02\x01\
\x51\0\x01\x1b\x04\x88\x02\x98\x02\x01\x51\0\x01\x1b\x04\x98\x02\xa0\x02\x02\
\x30\x9f\x04\xa0\x02\xa8\x02\x01\x51\0\x01\x1b\x04\xa8\x02\xb0\x02\x01\x51\0\
\x03\x22\x48\x01\x51\0\x01\x22\x04\xd0\x01\x80\x03\x0d\x76\0\xa8\xaf\x80\x80\0\
\xa8\xb3\x80\x80\0\x9f\0\x01\x22\x04\xd0\x01\x80\x03\x0d\x78\0\xa8\xaf\x80\x80\
\0\xa8\xb3\x80\x80\0\x9f\0\x01\x22\x04\x48\x50\x01\x51\0\x01\x22\x04\x20\x48\
\x01\x51\0\x01\x22\x04\xd0\x01\x80\x03\x0d\x79\0\xa8\xaf\x80\x80\0\xa8\xb3\x80\
\x80\0\x9f\0\x01\x22\x04\x98\x01\x80\x03\x01\x50\0\x01\x22\x04\xd0\x01\xd8\x01\
\x02\x30\x9f\x04\xd8\x01\xe0\x01\x01\x51\0\x01\x22\x04\xe0\x01\xf0\x01\x01\x51\
\0\x01\x22\x04\xe8\x01\xf0\x01\x02\x30\x9f\x04\xf0\x01\xf8\x01\x01\x51\0\x01\
\x22\x04\xf8\x01\x88\x02\x01\x51\0\x01\x22\x04\x80\x02\x88\x02\x02\x30\x9f\x04\
\x88\x02\x98\x02\x01\x51\0\x01\x22\x04\x98\x02\xa8\x02\x01\x51\0\x01\x22\x04\
\xa0\x02\xa8\x02\x02\x30\x9f\x04\xa8\x02\xb8\x02\x01\x51\0\x01\x22\x04\xb8\x02\
\xc8\x02\x01\x51\0\x01\x22\x04\xc0\x02\xc8\x02\x02\x30\x9f\x04\xc8\x02\xd8\x02\
\x01\x51\0\x01\x22\x04\xd8\x02\xe8\x02\x01\x51\0\x01\x22\x04\xe8\x02\xf0\x02\
\x02\x30\x9f\x04\xf0\x02\xf8\x02\x01\x51\0\x01\x22\x04\xf8\x02\x80\x03\x01\x51\
\0\x01\x22\x04\x90\x03\xd0\x03\x01\x51\0\x01\x22\x04\xd8\x04\xa8\x05\x0d\x76\0\
\xa8\xaf\x80\x80\0\xa8\xb3\x80\x80\0\x9f\0\x01\x22\x04\xd0\x03\xd8\x03\x01\x51\
\0\x01\x22\x04\xd8\x04\xa8\x05\x0d\x77\0\xa8\xaf\x80\x80\0\xa8\xb3\x80\x80\0\
\x9f\0\x01\x22\x04\xd8\x04\xa8\x05\x0d\x78\0\xa8\xaf\x80\x80\0\xa8\xb3\x80\x80\
\0\x9f\0\x01\x22\x04\xa8\x03\xd0\x03\x01\x51\0\x01\x22\x04\xa0\x04\xa8\x05\x01\
\x50\0\x01\x22\x04\xd8\x04\xe0\x04\x02\x30\x9f\x04\xe0\x04\xe8\x04\x01\x51\0\
\x01\x22\x04\xe8\x04\xf8\x04\x01\x51\0\x01\x22\x04\xf0\x04\xf8\x04\x02\x30\x9f\
\x04\xf8\x04\x80\x05\x01\x51\0\x01\x22\x04\x80\x05\x90\x05\x01\x51\0\x01\x22\
\x04\x90\x05\x98\x05\x02\x30\x9f\x04\x98\x05\xa0\x05\x01\x51\0\x01\x22\x04\xa0\
\x05\xa8\x05\x01\x51\0\x03\x36\x18\x01\x51\0\x01\x36\x04\x10\xe8\x02\x0d\x76\0\
\xa8\xaf\x80\x80\0\xa8\xb3\x80\x80\0\x9f\0\x01\x36\x04\x30\xe8\x02\x0d\x76\0\
\xa8\xaf\x80\x80\0\xa8\xb3\x80\x80\0\x9f\x04\x90\x03\x88\x04\x01\x56\0\x01\x36\
\x04\x30\x50\x03\x11\0\x9f\x04\x50\x68\x05\x11\0\x23\x01\x9f\x04\x68\x70\x0c\
\x72\0\x11\x04\x1c\x11\x04\x1b\x11\x02\x22\x9f\x04\x78\xa8\x01\x0c\x72\0\x11\
\x04\x1c\x11\x04\x1b\x11\x01\x22\x9f\x04\xa8\x01\xb8\x01\x03\x72\x01\x9f\0\x01\
\x36\x04\xd8\x01\xf8\x01\x03\x11\0\x9f\x04\xf8\x01\x90\x02\x05\x11\0\x23\x01\
\x9f\x04\x90\x02\x98\x02\x0c\x72\0\x11\x04\x1c\x11\x04\x1b\x11\x02\x22\x9f\x04\
\xa0\x02\xd0\x02\x0c\x72\0\x11\x04\x1c\x11\x04\x1b\x11\x01\x22\x9f\x04\xd0\x02\
\xe0\x02\x03\x72\x01\x9f\0\x01\x36\x04\xe8\x03\x88\x04\x01\x50\0\x01\x36\x04\
\xf0\x03\xf8\x03\x02\x30\x9f\x04\xf8\x03\x80\x04\x01\x51\0\x01\x36\x04\x80\x04\
\x88\x04\x01\x51\0\x03\x3b\x30\x01\x51\0\x01\x3b\x04\xc8\x03\xd8\x04\x0d\x77\0\
\xa8\xaf\x80\x80\0\xa8\xb3\x80\x80\0\x9f\0\x01\x3b\x04\x38\xd0\x04\x0d\x76\0\
\xa8\xaf\x80\x80\0\xa8\xb3\x80\x80\0\x9f\0\x01\x3b\x04\x38\xd0\x03\x0d\x78\0\
\xa8\xaf\x80\x80\0\xa8\xb3\x80\x80\0\x9f\0\x01\x3b\x04\x50\x68\x03\x11\0\x9f\
\x04\x68\x80\x01\x05\x11\0\x23\x01\x9f\x04\x80\x01\x88\x01\x0c\x73\0\x11\x04\
\x1c\x11\x04\x1b\x11\x02\x22\x9f\x04\x90\x01\xc0\x01\x0c\x73\0\x11\x04\x1c\x11\
\x04\x1b\x11\x01\x22\x9f\x04\xc0\x01\xd0\x01\x03\x73\x01\x9f\0\x01\x3b\x04\xf0\
\x01\x88\x02\x03\x11\0\x9f\x04\x88\x02\xa0\x02\x05\x11\0\x23\x01\x9f\x04\xa0\
\x02\xa8\x02\x0c\x72\0\x11\x04\x1c\x11\x04\x1b\x11\x02\x22\x9f\x04\xb0\x02\xe0\
\x02\x0c\x72\0\x11\x04\x1c\x11\x04\x1b\x11\x01\x22\x9f\x04\xe0\x02\xf0\x02\x03\
\x72\x01\x9f\0\x01\x3b\x04\xb0\x03\xf8\x04\x01\x50\0\x01\x3b\x04\xd8\x03\xe0\
\x03\x02\x30\x9f\x04\xe0\x03\xe8\x03\x01\x51\0\x01\x3b\x04\xe8\x03\xf8\x03\x01\
\x51\0\x01\x3b\x04\x88\x04\x90\x04\x02\x30\x9f\x04\x90\x04\x98\x04\x01\x52\0\
\x01\x3b\x04\x98\x04\xe0\x04\x01\x52\0\x01\x3b\x04\xa0\x04\xa8\x04\x02\x30\x9f\
\x04\xa8\x04\xb0\x04\x01\x51\0\x01\x3b\x04\xb0\x04\xc8\x04\x01\x51\0\x01\x3b\
\x04\xe0\x04\xe8\x04\x02\x30\x9f\x04\xe8\x04\xf0\x04\x01\x51\0\x01\x3b\x04\xf0\
\x04\xf8\x04\x01\x51\0\x01\x3b\x04\x88\x05\xb8\x05\x01\x51\0\x01\x3b\x04\xb8\
\x05\x98\x06\x02\x7a\x38\x04\x98\x06\xb8\x06\x01\x52\x04\xb8\x06\xb8\x0b\x02\
\x7a\x38\0\x01\x3b\x04\x98\x06\xe8\x07\x01\x52\0\x01\x3b\x04\x88\x0a\x98\x0b\
\x0d\x78\0\xa8\xaf\x80\x80\0\xa8\xb3\x80\x80\0\x9f\0\x01\x3b\x04\xb8\x06\x90\
\x0b\x0d\x77\0\xa8\xaf\x80\x80\0\xa8\xb3\x80\x80\0\x9f\0\x01\x3b\x04\xb8\x06\
\x90\x0a\x0d\x79\0\xa8\xaf\x80\x80\0\xa8\xb3\x80\x80\0\x9f\0\x01\x3b\x04\xd0\
\x06\xe8\x06\x03\x11\0\x9f\x04\xe8\x06\x80\x07\x05\x11\0\x23\x01\x9f\x04\x80\
\x07\x88\x07\x0c\x73\0\x11\x04\x1c\x11\x04\x1b\x11\x02\x22\x9f\x04\x90\x07\xc0\
\x07\x0c\x73\0\x11\x04\x1c\x11\x04\x1b\x11\x01\x22\x9f\x04\xc0\x07\xd0\x07\x03\
\x73\x01\x9f\0\x01\x3b\x04\x90\x08\x80\x09\x01\x51\0\x01\x3b\x04\xf0\x07\x98\
\x08\x03\x11\0\x9f\x04\x98\x08\xb0\x08\x05\x11\0\x23\x01\x9f\x04\xb0\x08\xb8\
\x08\x0c\x72\0\x11\x04\x1c\x11\x04\x1b\x11\x02\x22\x9f\x04\xc0\x08\xf0\x08\x0c\
\x72\0\x11\x04\x1c\x11\x04\x1b\x11\x01\x22\x9f\x04\xf0\x08\x80\x09\x03\x72\x01\
\x9f\0\x01\x3b\x04\xf0\x09\xb8\x0b\x01\x50\0\x01\x3b\x04\x98\x0a\xa0\x0a\x02\
\x30\x9f\x04\xa0\x0a\xa8\x0a\x01\x51\0\x01\x3b\x04\xa8\x0a\xb8\x0a\x01\x51\0\
\x01\x3b\x04\xc8\x0a\xd0\x0a\x02\x30\x9f\x04\xd0\x0a\xd8\x0a\x01\x52\0\x01\x3b\
\x04\xd8\x0a\xa0\x0b\x01\x52\0\x01\x3b\x04\xe0\x0a\xe8\x0a\x02\x30\x9f\x04\xe8\
\x0a\xf0\x0a\x01\x51\0\x01\x3b\x04\xf0\x0a\x88\x0b\x01\x51\0\x01\x3b\x04\xa0\
\x0b\xa8\x0b\x02\x30\x9f\x04\xa8\x0b\xb0\x0b\x01\x51\0\x01\x3b\x04\xb0\x0b\xb8\
\x0b\x01\x51\0\x01\x11\x01\x25\x25\x13\x05\x03\x25\x72\x17\x10\x17\x1b\x25\x11\
\x01\x55\x23\x73\x17\x74\x17\x8c\x01\x17\0\0\x02\x24\0\x03\x25\x3e\x0b\x0b\x0b\
\0\0\x03\x34\0\x03\x25\x49\x13\x3f\x19\x3a\x0b\x3b\x0b\x02\x18\0\0\x04\x26\0\
\x49\x13\0\0\x05\x35\0\x49\x13\0\0\x06\x01\x01\x49\x13\0\0\x07\x21\0\x49\x13\
\x37\x0b\0\0\x08\x24\0\x03\x25\x0b\x0b\x3e\x0b\0\0\x09\x16\0\x49\x13\x03\x25\
\x3a\x0b\x3b\x0b\0\0\x0a\x13\x01\x0b\x0b\x3a\x0b\x3b\x0b\0\0\x0b\x0d\0\x03\x25\
\x49\x13\x3a\x0b\x3b\x0b\x38\x0b\0\0\x0c\x0f\0\x49\x13\0\0\x0d\x21\0\x49\x13\
\x37\x05\0\0\x0e\x13\x01\x03\x25\x0b\x0b\x3a\x0b\x3b\x0b\x88\x01\x0f\0\0\x0f\
\x0d\0\x49\x13\x3a\x0b\x3b\x0b\x38\x0b\0\0\x10\x17\x01\x0b\x0b\x3a\x0b\x3b\x0b\
\0\0\x11\x34\0\x03\x25\x49\x13\x3f\x19\x3a\x0b\x3b\x0b\x3c\x19\x02\x18\0\0\x12\
\x34\0\x03\x25\x49\x13\x3a\x0b\x3b\x0b\0\0\x13\x15\0\x49\x13\x27\x19\0\0\x14\
\x15\x01\x49\x13\x27\x19\0\0\x15\x05\0\x49\x13\0\0\x16\x0f\0\0\0\x17\x26\0\0\0\
\x18\x04\x01\x49\x13\x0b\x0b\x3a\x0b\x3b\x0b\0\0\x19\x28\0\x03\x25\x1c\x0f\0\0\
\x1a\x04\x01\x49\x13\x03\x25\x0b\x0b\x3a\x0b\x3b\x05\0\0\x1b\x04\x01\x49\x13\
\x0b\x0b\x3a\x0b\x3b\x05\0\0\x1c\x2e\x01\x03\x25\x3a\x0b\x3b\x0b\x27\x19\x49\
\x13\x20\x21\x01\0\0\x1d\x05\0\x03\x25\x3a\x0b\x3b\x0b\x49\x13\0\0\x1e\x13\x01\
\x03\x25\x0b\x0b\x3a\x0b\x3b\x0b\0\0\x1f\x13\0\x03\x25\x0b\x0b\x3a\x0b\x3b\x0b\
\0\0\x20\x34\0\x03\x25\x3a\x0b\x3b\x0b\x49\x13\0\0\x21\x0b\x01\0\0\x22\x2e\x01\
\x03\x25\x3a\x0b\x3b\x0b\x27\x19\x20\x21\x01\0\0\x23\x35\0\0\0\x24\x2e\x01\x11\
\x1b\x12\x06\x40\x18\x7a\x19\x03\x25\x3a\x0b\x3b\x0b\x27\x19\x49\x13\x3f\x19\0\
\0\x25\x05\0\x02\x22\x03\x25\x3a\x0b\x3b\x0b\x49\x13\0\0\x26\x1d\x01\x31\x13\
\x11\x1b\x12\x06\x58\x0b\x59\x0b\x57\x0b\0\0\x27\x05\0\x02\x22\x31\x13\0\0\x28\
\x34\0\x02\x18\x31\x13\0\0\x29\x34\0\x02\x22\x31\x13\0\0\x2a\x0b\x01\x11\x1b\
\x12\x06\0\0\x2b\x1d\0\x31\x13\x11\x1b\x12\x06\x58\x0b\x59\x0b\0\0\x2c\x1d\x01\
\x31\x13\x55\x23\x58\x0b\x59\x0b\x57\x0b\0\0\x2d\x05\0\x02\x18\x31\x13\0\0\x2e\
\x05\0\x1c\x0d\x31\x13\0\0\x2f\x34\0\x03\x25\x3a\x0b\x3b\x05\x49\x13\0\0\x30\
\x17\x01\x0b\x0b\x3a\x0b\x3b\x05\0\0\x31\x0d\0\x03\x25\x49\x13\x3a\x0b\x3b\x05\
\x38\x0b\0\0\x32\x0b\x01\x55\x23\0\0\x33\x1d\x01\x31\x13\x11\x1b\x12\x06\x58\
\x0b\x59\x05\x57\x0b\0\0\0\x58\x17\0\0\x05\0\x01\x08\0\0\0\0\x01\0\x1d\0\x01\
\x08\0\0\0\0\0\0\0\x02\0\0\0\0\0\0\0\0\x05\x08\0\0\0\x0c\0\0\0\x0c\0\0\0\x02\
\x74\x07\x08\x02\x73\x07\x04\x03\x03\x42\0\0\0\x01\x1e\x02\xa1\0\x04\x47\0\0\0\
\x05\x4c\0\0\0\x02\x04\x05\x04\x03\x05\x5b\0\0\0\x01\x24\x02\xa1\x01\x06\x42\0\
\0\0\x07\x67\0\0\0\x20\0\x08\x06\x08\x07\x03\x07\x5b\0\0\0\x01\x25\x02\xa1\x02\
\x03\x08\x4c\0\0\0\x01\x27\x02\xa1\x03\x03\x09\x8c\0\0\0\0\x09\x02\xa1\x04\x06\
\x98\0\0\0\x07\x67\0\0\0\x04\0\x02\x0a\x06\x01\x03\x0b\xa7\0\0\0\x01\x0f\x02\
\xa1\x05\x09\xaf\0\0\0\x1b\x02\x21\x0a\x20\x02\x1c\x0b\x0c\xd8\0\0\0\x02\x1d\0\
\x0b\x0d\xe9\0\0\0\x02\x1e\x08\x0b\x0e\xfb\0\0\0\x02\x1f\x10\x0b\x10\x04\x01\0\
\0\x02\x20\x18\0\x0c\xdd\0\0\0\x06\x4c\0\0\0\x07\x67\0\0\0\x02\0\x0c\xee\0\0\0\
\x06\x4c\0\0\0\x0d\x67\0\0\0\0\x04\0\x0c\0\x01\0\0\x02\x0f\x07\x04\x0c\x09\x01\
\0\0\x0e\x1a\x40\x04\x07\x40\x0b\x11\x5c\x01\0\0\x04\x08\0\x0b\x14\x5c\x01\0\0\
\x04\x09\x08\x0b\x15\x5c\x01\0\0\x04\x0a\x10\x0f\x32\x01\0\0\x04\x0b\x18\x10\
\x08\x04\x0b\x0b\x16\x5c\x01\0\0\x04\x0c\0\x0b\x17\x5c\x01\0\0\x04\x0d\0\0\x0b\
\x18\x5c\x01\0\0\x04\x0f\x20\x0b\x19\x5c\x01\0\0\x04\x10\x28\0\x09\x64\x01\0\0\
\x13\x03\x12\x02\x12\x07\x08\x03\x1c\xa7\0\0\0\x01\x10\x02\xa1\x06\x03\x1d\xa7\
\0\0\0\x01\x11\x02\xa1\x07\x03\x1e\xa7\0\0\0\x01\x12\x02\xa1\x08\x03\x1f\xa7\0\
\0\0\x01\x13\x02\xa1\x09\x03\x20\xa7\0\0\0\x01\x14\x02\xa1\x0a\x03\x21\xa7\0\0\
\0\x01\x15\x02\xa1\x0b\x03\x22\xb5\x01\0\0\x01\x1c\x02\xa1\x0c\x0a\x20\x01\x17\
\x0b\x0c\xde\x01\0\0\x01\x18\0\x0b\x23\xe9\0\0\0\x01\x19\x08\x0b\x0e\xef\x01\0\
\0\x01\x1a\x10\x0b\x10\x04\x01\0\0\x01\x1b\x18\0\x0c\xe3\x01\0\0\x06\x4c\0\0\0\
\x07\x67\0\0\0\x05\0\x0c\xf4\x01\0\0\x09\xfc\x01\0\0\x25\x05\x1f\x02\x24\x07\
\x08\x11\x0b\xa7\0\0\0\x02\x23\x02\xa1\x05\x11\x03\x42\0\0\0\x02\x24\x02\xa1\0\
\x12\x26\x1e\x02\0\0\x06\xce\x04\x23\x02\0\0\x0c\x28\x02\0\0\x13\x2d\x02\0\0\
\x09\0\x01\0\0\x27\x05\x1b\x12\x28\x3d\x02\0\0\x06\x38\x04\x42\x02\0\0\x0c\x47\
\x02\0\0\x14\x57\x02\0\0\x15\x57\x02\0\0\x15\x58\x02\0\0\0\x16\x0c\x5d\x02\0\0\
\x17\x12\x29\x66\x02\0\0\x06\x4e\x04\x6b\x02\0\0\x0c\x70\x02\0\0\x14\x8a\x02\0\
\0\x15\x57\x02\0\0\x15\x58\x02\0\0\x15\x58\x02\0\0\x15\xf4\x01\0\0\0\x02\x2a\
\x05\x08\x18\0\x01\0\0\x04\x02\x26\x19\x2b\0\x19\x2c\x01\0\x1a\0\x01\0\0\x32\
\x04\x07\x2d\x17\x19\x2d\0\x19\x2e\x01\x19\x2f\x02\x19\x30\x03\x19\x31\x04\0\
\x1b\0\x01\0\0\x04\x07\xa1\x04\x19\x33\0\x19\x34\x01\x19\x35\x02\x19\x36\x04\0\
\x0c\xd2\x02\0\0\x05\xd7\x02\0\0\x09\xdf\x02\0\0\x39\x02\x49\x09\xe7\x02\0\0\
\x38\x05\x15\x02\x37\x08\x01\x0c\xd7\x02\0\0\x0c\xf5\x02\0\0\x05\xfa\x02\0\0\
\x09\x02\x03\0\0\x3c\x02\x4a\x09\x0a\x03\0\0\x3b\x05\x18\x02\x3a\x07\x02\x0c\
\xfa\x02\0\0\x0c\x18\x03\0\0\x05\x1d\x03\0\0\x09\x2d\x02\0\0\x3d\x02\x4b\x0c\
\x1d\x03\0\0\x0c\x2f\x03\0\0\x05\x34\x03\0\0\x09\xf4\x01\0\0\x3e\x02\x4c\x0c\
\x34\x03\0\0\x1c\x3f\x01\x67\x4c\0\0\0\x1d\x40\x01\x67\x82\x03\0\0\x1d\x41\x01\
\x67\x87\x03\0\0\x1d\x44\x01\x67\xa0\x03\0\0\x1d\x46\x01\x67\x58\x02\0\0\x1d\
\x47\x01\x67\x4c\0\0\0\x1d\x48\x01\x67\xaf\x03\0\0\x1d\x4a\x01\x67\x2d\x02\0\0\
\0\x0c\xfc\x01\0\0\x0c\x8c\x03\0\0\x04\x91\x03\0\0\x1e\x43\x04\x08\x08\x0b\x42\
\x4c\0\0\0\x08\x09\0\0\x0c\xa5\x03\0\0\x04\xaa\x03\0\0\x1f\x45\0\x08\x12\x0c\
\xb4\x03\0\0\x04\xb9\x03\0\0\x1f\x49\0\x08\x15\x1c\x4b\x01\x49\x4c\0\0\0\x1d\
\x4c\x01\x49\x4c\0\0\0\x1d\x47\x01\x49\x4c\0\0\0\x20\x4d\x01\x4e\x2d\x02\0\0\
\x20\x0e\x01\x4c\x2d\x02\0\0\x20\x4e\x01\x4d\x04\x01\0\0\x20\x4f\x01\x4b\x2d\
\x02\0\0\x21\x20\x50\x01\x50\x8f\x04\0\0\x21\x20\x52\x01\x50\x4c\0\0\0\0\0\x21\
\x20\x53\x01\x5a\x1e\x04\0\0\x21\x20\x53\x01\x5a\x35\x04\0\0\0\0\x10\x08\x01\
\x5a\x0b\x54\x5c\x01\0\0\x01\x5a\0\x0b\x55\x93\x04\0\0\x01\x5a\0\0\x10\x08\x01\
\x5a\x0b\x54\x5c\x01\0\0\x01\x5a\0\x0b\x55\x93\x04\0\0\x01\x5a\0\0\x21\x20\x53\
\x01\x5c\x60\x04\0\0\x21\x20\x53\x01\x5c\x77\x04\0\0\0\0\x10\x08\x01\x5c\x0b\
\x54\x5c\x01\0\0\x01\x5c\0\x0b\x55\x93\x04\0\0\x01\x5c\0\0\x10\x08\x01\x5c\x0b\
\x54\x5c\x01\0\0\x01\x5c\0\x0b\x55\x93\x04\0\0\x01\x5c\0\0\0\x02\x51\x02\x01\
\x06\x98\0\0\0\x07\x67\0\0\0\x01\0\x1c\x56\x01\x35\x2d\x02\0\0\x1d\x47\x01\x35\
\x4c\0\0\0\0\x22\x57\x02\x4e\x1d\x58\x02\x4e\xcd\x04\0\0\x1d\x59\x02\x4e\x57\
\x02\0\0\x1d\x5a\x02\x4e\x4c\0\0\0\0\x0c\xd2\x04\0\0\x04\xd7\x04\0\0\x23\x22\
\x5b\x02\x5c\x1d\x58\x02\x5c\xf5\x04\0\0\x1d\x59\x02\x5c\x57\x02\0\0\x1d\x5a\
\x02\x5c\x4c\0\0\0\0\x0c\xd7\x04\0\0\x24\x0d\x68\x02\0\0\x01\x5a\x75\x01\x67\
\x4c\0\0\0\x25\0\x40\x01\x67\x82\x03\0\0\x26\x41\x03\0\0\x0e\x48\x02\0\0\x01\
\x67\x05\x27\x01\x49\x03\0\0\x27\x02\x69\x03\0\0\x26\xbe\x03\0\0\x0f\x40\x02\0\
\0\x01\x6b\x09\x27\x03\xce\x03\0\0\x28\x02\x91\x04\xd6\x03\0\0\x29\x05\xde\x03\
\0\0\x29\x07\xe6\x03\0\0\x2a\x10\x80\0\0\0\x29\x04\0\x04\0\0\0\x26\x9f\x04\0\0\
\x11\xc8\0\0\0\x01\x53\x08\x27\x06\xa7\x04\0\0\0\x2b\xb0\x04\0\0\x12\x08\0\0\0\
\x01\0\x2b\xd8\x04\0\0\x13\x08\0\0\0\x01\0\0\0\0\x1c\x5c\x01\x6f\x4c\0\0\0\x1d\
\x40\x01\x6f\x82\x03\0\0\x1d\x41\x01\x6f\x87\x03\0\0\x1d\x44\x01\x6f\xa0\x03\0\
\0\x1d\x46\x01\x6f\x58\x02\0\0\x1d\x47\x01\x6f\x4c\0\0\0\x1d\x48\x01\x6f\xaf\
\x03\0\0\x1d\x4a\x01\x6f\x2d\x02\0\0\0\x24\x14\x68\x02\0\0\x01\x5a\x76\x01\x6f\
\x4c\0\0\0\x25\x08\x40\x01\x6f\x82\x03\0\0\x26\x8e\x05\0\0\x15\x48\x02\0\0\x01\
\x6f\x05\x27\x09\x96\x05\0\0\x27\x0a\xb6\x05\0\0\x26\xbe\x03\0\0\x16\x40\x02\0\
\0\x01\x73\x09\x27\x0b\xce\x03\0\0\x28\x02\x91\x04\xd6\x03\0\0\x29\x0d\xde\x03\
\0\0\x29\x0f\xe6\x03\0\0\x2a\x17\x80\0\0\0\x29\x0c\0\x04\0\0\0\x26\x9f\x04\0\0\
\x18\xc8\0\0\0\x01\x53\x08\x27\x0e\xa7\x04\0\0\0\x2b\xb0\x04\0\0\x19\x08\0\0\0\
\x01\0\x2b\xd8\x04\0\0\x1a\x08\0\0\0\x01\0\0\0\0\x1c\x5d\x01\x77\x4c\0\0\0\x1d\
\x40\x01\x77\x82\x03\0\0\x1d\x5e\x01\x77\x4c\0\0\0\x1d\x11\x01\x77\0\x01\0\0\
\x1d\x5f\x01\x77\0\x01\0\0\x1d\x60\x01\x77\x4c\0\0\0\x20\x4d\x01\x7c\x2d\x02\0\
\0\x20\x4e\x01\x7b\x04\x01\0\0\x20\x4f\x01\x7a\x2d\x02\0\0\x21\x20\x53\x01\x85\
\xbf\x06\0\0\x21\x20\x53\x01\x85\xd6\x06\0\0\0\0\x10\x08\x01\x85\x0b\x54\x5c\
\x01\0\0\x01\x85\0\x0b\x55\x93\x04\0\0\x01\x85\0\0\x10\x08\x01\x85\x0b\x54\x5c\
\x01\0\0\x01\x85\0\x0b\x55\x93\x04\0\0\x01\x85\0\0\x21\x20\x53\x01\x86\x01\x07\
\0\0\x21\x20\x53\x01\x86\x18\x07\0\0\0\0\x10\x08\x01\x86\x0b\x54\x5c\x01\0\0\
\x01\x86\0\x0b\x55\x93\x04\0\0\x01\x86\0\0\x10\x08\x01\x86\x0b\x54\x5c\x01\0\0\
\x01\x86\0\x0b\x55\x93\x04\0\0\x01\x86\0\0\x21\x20\x53\x01\x89\x43\x07\0\0\x21\
\x20\x53\x01\x89\x5a\x07\0\0\0\0\x10\x08\x01\x89\x0b\x54\x5c\x01\0\0\x01\x89\0\
\x0b\x55\x93\x04\0\0\x01\x89\0\0\x10\x08\x01\x89\x0b\x54\x5c\x01\0\0\x01\x89\0\
\x0b\x55\x93\x04\0\0\x01\x89\0\0\0\x24\x1b\x40\x01\0\0\x01\x5a\x77\x01\x77\x4c\
\0\0\0\x25\x10\x40\x01\x77\x82\x03\0\0\x2c\x63\x06\0\0\0\x01\x77\x05\x27\x11\
\x73\x06\0\0\x27\x13\x7b\x06\0\0\x27\x14\x83\x06\0\0\x27\x12\x8b\x06\0\0\x28\
\x02\x91\x04\x93\x06\0\0\x29\x15\x9b\x06\0\0\x2a\x1c\x18\0\0\0\x29\x17\xac\x06\
\0\0\x2a\x1c\x08\0\0\0\x29\x16\xb5\x06\0\0\x26\xb0\x04\0\0\x1c\x08\0\0\0\x01\
\x85\x02\x2d\x01\x50\xb4\x04\0\0\x2e\x08\xc4\x04\0\0\0\0\x26\xd8\x04\0\0\x1d\
\x08\0\0\0\x01\x85\x02\x2d\x01\x50\xdc\x04\0\0\x2e\x08\xec\x04\0\0\0\0\x2a\x1e\
\x18\0\0\0\x29\x19\xee\x06\0\0\x2a\x1e\x08\0\0\0\x29\x18\xf7\x06\0\0\x26\xb0\
\x04\0\0\x1e\x08\0\0\0\x01\x86\x02\x2d\x03\x70\x08\x9f\xb4\x04\0\0\x2e\x08\xc4\
\x04\0\0\0\0\x26\xd8\x04\0\0\x1f\x08\0\0\0\x01\x86\x02\x2d\x03\x70\x08\x9f\xdc\
\x04\0\0\x2e\x08\xec\x04\0\0\0\0\x2a\x20\x18\0\0\0\x29\x1b\x30\x07\0\0\x2a\x20\
\x08\0\0\0\x29\x1a\x39\x07\0\0\x26\xb0\x04\0\0\x20\x08\0\0\0\x01\x89\x03\x2d\
\x03\x70\x10\x9f\xb4\x04\0\0\x2e\x08\xc4\x04\0\0\0\0\x26\xd8\x04\0\0\x21\x08\0\
\0\0\x01\x89\x03\x2d\x03\x70\x10\x9f\xdc\x04\0\0\x2e\x08\xec\x04\0\0\0\0\0\0\
\x1c\x61\x01\x93\x4c\0\0\0\x1d\x40\x01\x93\x82\x03\0\0\x1d\x5e\x01\x93\x4c\0\0\
\0\x1d\x11\x01\x93\0\x01\0\0\x1d\x5f\x01\x93\0\x01\0\0\x1d\x62\x01\x93\x4c\0\0\
\0\x1d\x63\x01\x93\x88\x0a\0\0\x20\x4f\x01\x97\x2d\x02\0\0\x20\x4e\x01\x96\x04\
\x01\0\0\x21\x20\x53\x01\xa0\x0f\x09\0\0\x21\x20\x53\x01\xa0\x26\x09\0\0\0\0\
\x10\x08\x01\xa0\x0b\x54\x5c\x01\0\0\x01\xa0\0\x0b\x55\x93\x04\0\0\x01\xa0\0\0\
\x10\x08\x01\xa0\x0b\x54\x5c\x01\0\0\x01\xa0\0\x0b\x55\x93\x04\0\0\x01\xa0\0\0\
\x21\x20\x53\x01\xa1\x51\x09\0\0\x21\x20\x53\x01\xa1\x68\x09\0\0\0\0\x10\x08\
\x01\xa1\x0b\x54\x5c\x01\0\0\x01\xa1\0\x0b\x55\x93\x04\0\0\x01\xa1\0\0\x10\x08\
\x01\xa1\x0b\x54\x5c\x01\0\0\x01\xa1\0\x0b\x55\x93\x04\0\0\x01\xa1\0\0\x21\x20\
\x53\x01\xa2\x93\x09\0\0\x21\x20\x53\x01\xa2\xaa\x09\0\0\0\0\x10\x08\x01\xa2\
\x0b\x54\x5c\x01\0\0\x01\xa2\0\x0b\x55\x93\x04\0\0\x01\xa2\0\0\x10\x08\x01\xa2\
\x0b\x54\x5c\x01\0\0\x01\xa2\0\x0b\x55\x93\x04\0\0\x01\xa2\0\0\x21\x20\x53\x01\
\xa3\xd5\x09\0\0\x21\x20\x53\x01\xa3\xec\x09\0\0\0\0\x10\x08\x01\xa3\x0b\x54\
\x5c\x01\0\0\x01\xa3\0\x0b\x55\x93\x04\0\0\x01\xa3\0\0\x10\x08\x01\xa3\x0b\x54\
\x5c\x01\0\0\x01\xa3\0\x0b\x55\x93\x04\0\0\x01\xa3\0\0\x21\x20\x53\x01\xa4\x17\
\x0a\0\0\x21\x20\x53\x01\xa4\x2e\x0a\0\0\0\0\x10\x08\x01\xa4\x0b\x54\x5c\x01\0\
\0\x01\xa4\0\x0b\x55\x93\x04\0\0\x01\xa4\0\0\x10\x08\x01\xa4\x0b\x54\x5c\x01\0\
\0\x01\xa4\0\x0b\x55\x93\x04\0\0\x01\xa4\0\0\x21\x20\x53\x01\xa7\x59\x0a\0\0\
\x21\x20\x53\x01\xa7\x70\x0a\0\0\0\0\x10\x08\x01\xa7\x0b\x54\x5c\x01\0\0\x01\
\xa7\0\x0b\x55\x93\x04\0\0\x01\xa7\0\0\x10\x08\x01\xa7\x0b\x54\x5c\x01\0\0\x01\
\xa7\0\x0b\x55\x93\x04\0\0\x01\xa7\0\0\0\x0c\x8d\x0a\0\0\x1e\x67\x0c\x08\x0c\
\x0b\x64\0\x01\0\0\x08\x0d\0\x0b\x65\0\x01\0\0\x08\x0e\x04\x0b\x66\0\x01\0\0\
\x08\x0f\x08\0\x24\x22\x90\x01\0\0\x01\x5a\x78\x01\x93\x4c\0\0\0\x25\x1c\x40\
\x01\x93\x82\x03\0\0\x2c\xb3\x08\0\0\x01\x01\x93\x05\x27\x20\xbb\x08\0\0\x27\
\x1f\xc3\x08\0\0\x27\x21\xcb\x08\0\0\x27\x1e\xd3\x08\0\0\x27\x1d\xdb\x08\0\0\
\x2d\x01\x57\xe3\x08\0\0\x28\x02\x91\x04\xeb\x08\0\0\x29\x22\xf3\x08\0\0\x2a\
\x23\x18\0\0\0\x29\x24\xfc\x08\0\0\x2a\x23\x08\0\0\0\x29\x23\x05\x09\0\0\x26\
\xb0\x04\0\0\x23\x08\0\0\0\x01\xa0\x02\x2d\x01\x50\xb4\x04\0\0\x2e\x08\xc4\x04\
\0\0\0\0\x26\xd8\x04\0\0\x24\x08\0\0\0\x01\xa0\x02\x2d\x01\x50\xdc\x04\0\0\x2e\
\x08\xec\x04\0\0\0\0\x2a\x25\x18\0\0\0\x29\x26\x3e\x09\0\0\x2a\x25\x08\0\0\0\
\x29\x25\x47\x09\0\0\x26\xb0\x04\0\0\x25\x08\0\0\0\x01\xa1\x02\x2d\x03\x70\x08\
\x9f\xb4\x04\0\0\x2e\x08\xc4\x04\0\0\0\0\x26\xd8\x04\0\0\x26\x08\0\0\0\x01\xa1\
\x02\x2d\x03\x70\x08\x9f\xdc\x04\0\0\x2e\x08\xec\x04\0\0\0\0\x2a\x27\x20\0\0\0\
\x29\x28\x80\x09\0\0\x2a\x27\x08\0\0\0\x29\x27\x89\x09\0\0\x26\xb0\x04\0\0\x27\
\x08\0\0\0\x01\xa2\x02\x2d\x03\x70\x18\x9f\xb4\x04\0\0\x2e\x08\xc4\x04\0\0\0\0\
\x26\xd8\x04\0\0\x28\x08\0\0\0\x01\xa2\x02\x2d\x03\x70\x18\x9f\xdc\x04\0\0\x2e\
\x08\xec\x04\0\0\0\0\x2a\x29\x20\0\0\0\x29\x2a\xc2\x09\0\0\x2a\x29\x08\0\0\0\
\x29\x29\xcb\x09\0\0\x26\xb0\x04\0\0\x29\x08\0\0\0\x01\xa3\x02\x2d\x03\x70\x20\
\x9f\xb4\x04\0\0\x2e\x08\xc4\x04\0\0\0\0\x26\xd8\x04\0\0\x2a\x08\0\0\0\x01\xa3\
\x02\x2d\x03\x70\x20\x9f\xdc\x04\0\0\x2e\x08\xec\x04\0\0\0\0\x2a\x2b\x20\0\0\0\
\x29\x2c\x04\x0a\0\0\x2a\x2b\x08\0\0\0\x29\x2b\x0d\x0a\0\0\x26\xb0\x04\0\0\x2b\
\x08\0\0\0\x01\xa4\x02\x2d\x03\x70\x28\x9f\xb4\x04\0\0\x2e\x08\xc4\x04\0\0\0\0\
\x26\xd8\x04\0\0\x2c\x08\0\0\0\x01\xa4\x02\x2d\x03\x70\x28\x9f\xdc\x04\0\0\x2e\
\x08\xec\x04\0\0\0\0\x2a\x2d\x18\0\0\0\x29\x2e\x46\x0a\0\0\x2a\x2d\x08\0\0\0\
\x29\x2d\x4f\x0a\0\0\x26\xb0\x04\0\0\x2d\x08\0\0\0\x01\xa7\x03\x2d\x03\x70\x10\
\x9f\xb4\x04\0\0\x2e\x08\xc4\x04\0\0\0\0\x26\xd8\x04\0\0\x2e\x08\0\0\0\x01\xa7\
\x03\x2d\x03\x70\x10\x9f\xdc\x04\0\0\x2e\x08\xec\x04\0\0\0\0\0\0\x1c\x68\x01\
\xac\x4c\0\0\0\x1d\x40\x01\xac\x82\x03\0\0\x1d\x5e\x01\xac\x4c\0\0\0\x1d\x11\
\x01\xac\0\x01\0\0\x1d\x5f\x01\xac\0\x01\0\0\x1d\x62\x01\xac\x4c\0\0\0\x20\x4f\
\x01\xb0\x2d\x02\0\0\x20\x4e\x01\xaf\x04\x01\0\0\x21\x20\x53\x01\xb9\x4c\x0d\0\
\0\x21\x20\x53\x01\xb9\x63\x0d\0\0\0\0\x10\x08\x01\xb9\x0b\x54\x5c\x01\0\0\x01\
\xb9\0\x0b\x55\x93\x04\0\0\x01\xb9\0\0\x10\x08\x01\xb9\x0b\x54\x5c\x01\0\0\x01\
\xb9\0\x0b\x55\x93\x04\0\0\x01\xb9\0\0\x21\x20\x53\x01\xba\x8e\x0d\0\0\x21\x20\
\x53\x01\xba\xa5\x0d\0\0\0\0\x10\x08\x01\xba\x0b\x54\x5c\x01\0\0\x01\xba\0\x0b\
\x55\x93\x04\0\0\x01\xba\0\0\x10\x08\x01\xba\x0b\x54\x5c\x01\0\0\x01\xba\0\x0b\
\x55\x93\x04\0\0\x01\xba\0\0\x21\x20\x53\x01\xbd\xd0\x0d\0\0\x21\x20\x53\x01\
\xbd\xe7\x0d\0\0\0\0\x10\x08\x01\xbd\x0b\x54\x5c\x01\0\0\x01\xbd\0\x0b\x55\x93\
\x04\0\0\x01\xbd\0\0\x10\x08\x01\xbd\x0b\x54\x5c\x01\0\0\x01\xbd\0\x0b\x55\x93\
\x04\0\0\x01\xbd\0\0\0\x24\x2f\x28\x01\0\0\x01\x5a\x79\x01\xac\x4c\0\0\0\x25\
\x2f\x40\x01\xac\x82\x03\0\0\x2c\xf8\x0c\0\0\x02\x01\xac\x05\x27\x34\0\x0d\0\0\
\x27\x31\x08\x0d\0\0\x27\x33\x10\x0d\0\0\x27\x32\x18\x0d\0\0\x27\x30\x20\x0d\0\
\0\x28\x02\x91\x04\x28\x0d\0\0\x29\x35\x30\x0d\0\0\x2a\x30\x18\0\0\0\x29\x37\
\x39\x0d\0\0\x2a\x30\x08\0\0\0\x29\x36\x42\x0d\0\0\x26\xb0\x04\0\0\x30\x08\0\0\
\0\x01\xb9\x02\x2d\x01\x50\xb4\x04\0\0\x2e\x08\xc4\x04\0\0\0\0\x26\xd8\x04\0\0\
\x31\x08\0\0\0\x01\xb9\x02\x2d\x01\x50\xdc\x04\0\0\x2e\x08\xec\x04\0\0\0\0\x2a\
\x32\x18\0\0\0\x29\x39\x7b\x0d\0\0\x2a\x32\x08\0\0\0\x29\x38\x84\x0d\0\0\x26\
\xb0\x04\0\0\x32\x08\0\0\0\x01\xba\x02\x2d\x03\x70\x08\x9f\xb4\x04\0\0\x2e\x08\
\xc4\x04\0\0\0\0\x26\xd8\x04\0\0\x33\x08\0\0\0\x01\xba\x02\x2d\x03\x70\x08\x9f\
\xdc\x04\0\0\x2e\x08\xec\x04\0\0\0\0\x2a\x34\x18\0\0\0\x29\x3b\xbd\x0d\0\0\x2a\
\x34\x08\0\0\0\x29\x3a\xc6\x0d\0\0\x26\xb0\x04\0\0\x34\x08\0\0\0\x01\xbd\x03\
\x2d\x03\x70\x10\x9f\xb4\x04\0\0\x2e\x08\xc4\x04\0\0\0\0\x26\xd8\x04\0\0\x35\
\x08\0\0\0\x01\xbd\x03\x2d\x03\x70\x10\x9f\xdc\x04\0\0\x2e\x08\xec\x04\0\0\0\0\
\0\0\x1c\x69\x01\xc2\x4c\0\0\0\x1d\x40\x01\xc2\x82\x03\0\0\x1d\x41\x01\xc2\x87\
\x03\0\0\x1d\x44\x01\xc2\xa0\x03\0\0\x1d\x6a\x01\xc2\x2d\x02\0\0\x20\x4d\x01\
\xc7\x2d\x02\0\0\x20\x0e\x01\xc7\x2d\x02\0\0\x20\x4e\x01\xc6\x04\x01\0\0\x20\
\x4f\x01\xc5\x2d\x02\0\0\x21\x20\x50\x01\xc9\x8f\x04\0\0\x21\x20\x52\x01\xc9\
\x4c\0\0\0\0\0\x21\x20\x50\x01\xcb\x8f\x04\0\0\x21\x20\x52\x01\xcb\x4c\0\0\0\0\
\0\x21\x20\x53\x01\xd5\xca\x0f\0\0\x21\x20\x53\x01\xd5\xe1\x0f\0\0\0\0\x10\x08\
\x01\xd5\x0b\x54\x5c\x01\0\0\x01\xd5\0\x0b\x55\x93\x04\0\0\x01\xd5\0\0\x10\x08\
\x01\xd5\x0b\x54\x5c\x01\0\0\x01\xd5\0\x0b\x55\x93\x04\0\0\x01\xd5\0\0\0\x24\
\x36\x18\x02\0\0\x01\x5a\x7a\x01\xc2\x4c\0\0\0\x25\x3c\x40\x01\xc2\x82\x03\0\0\
\x2c\x46\x0f\0\0\x03\x01\xc2\x05\x2d\x01\x57\x56\x0f\0\0\x27\x3d\x66\x0f\0\0\
\x28\x02\x91\x04\x6e\x0f\0\0\x29\x3e\x76\x0f\0\0\x29\x41\x7e\x0f\0\0\x2a\x37\
\x88\0\0\0\x29\x3f\x98\x0f\0\0\0\x2a\x38\x88\0\0\0\x29\x40\xac\x0f\0\0\0\x2a\
\x39\x18\0\0\0\x29\x43\xb7\x0f\0\0\x2a\x39\x08\0\0\0\x29\x42\xc0\x0f\0\0\x26\
\xb0\x04\0\0\x39\x08\0\0\0\x01\xd5\x02\x2d\x03\x70\x08\x9f\xb4\x04\0\0\x2e\x08\
\xc4\x04\0\0\0\0\x26\xd8\x04\0\0\x3a\x08\0\0\0\x01\xd5\x02\x2d\x03\x70\x08\x9f\
\xdc\x04\0\0\x2e\x08\xec\x04\0\0\0\0\0\0\x1c\x6b\x01\xdb\x4c\0\0\0\x1d\x40\x01\
\xdb\x82\x03\0\0\x1d\x6c\x01\xdb\x87\x03\0\0\x1d\x6d\x01\xdb\x87\x03\0\0\x1d\
\x6e\x01\xdb\x4c\0\0\0\x1d\x5f\x01\xdb\x4c\0\0\0\x1d\x47\x01\xdb\x4c\0\0\0\x20\
\x4f\x01\xe0\x2d\x02\0\0\x20\x4e\x01\xde\x04\x01\0\0\x20\x6f\x01\xdf\x4c\0\0\0\
\x20\x70\x01\xdf\x4c\0\0\0\x21\x20\x50\x01\xe5\x8f\x04\0\0\x21\x20\x52\x01\xe5\
\x4c\0\0\0\0\0\x21\x20\x50\x01\xe7\x8f\x04\0\0\x21\x20\x52\x01\xe7\x4c\0\0\0\0\
\0\x21\x20\x53\x01\xee\x3f\x11\0\0\x21\x20\x53\x01\xee\x56\x11\0\0\0\0\x10\x08\
\x01\xee\x0b\x54\x5c\x01\0\0\x01\xee\0\x0b\x55\x93\x04\0\0\x01\xee\0\0\x10\x08\
\x01\xee\x0b\x54\x5c\x01\0\0\x01\xee\0\x0b\x55\x93\x04\0\0\x01\xee\0\0\x21\x20\
\x53\x01\xef\x81\x11\0\0\x21\x20\x53\x01\xef\x98\x11\0\0\0\0\x10\x08\x01\xef\
\x0b\x54\x5c\x01\0\0\x01\xef\0\x0b\x55\x93\x04\0\0\x01\xef\0\0\x10\x08\x01\xef\
\x0b\x54\x5c\x01\0\0\x01\xef\0\x0b\x55\x93\x04\0\0\x01\xef\0\0\x21\x20\x53\x01\
\xf1\xc3\x11\0\0\x21\x20\x53\x01\xf1\xda\x11\0\0\0\0\x10\x08\x01\xf1\x0b\x54\
\x5c\x01\0\0\x01\xf1\0\x0b\x55\x93\x04\0\0\x01\xf1\0\0\x10\x08\x01\xf1\x0b\x54\
\x5c\x01\0\0\x01\xf1\0\x0b\x55\x93\x04\0\0\x01\xf1\0\0\x21\x20\x53\x01\xf5\x05\
\x12\0\0\x21\x20\x53\x01\xf5\x1c\x12\0\0\0\0\x10\x08\x01\xf5\x0b\x54\x5c\x01\0\
\0\x01\xf5\0\x0b\x55\x93\x04\0\0\x01\xf5\0\0\x10\x08\x01\xf5\x0b\x54\x5c\x01\0\
\0\x01\xf5\0\x0b\x55\x93\x04\0\0\x01\xf5\0\0\0\x24\x3b\x88\x02\0\0\x01\x5a\x7b\
\x01\xdb\x4c\0\0\0\x25\x44\x40\x01\xdb\x82\x03\0\0\x26\xab\x10\0\0\x3c\x50\x02\
\0\0\x01\xdb\x05\x27\x47\xcb\x10\0\0\x27\x46\xd3\x10\0\0\x27\x45\xdb\x10\0\0\
\x28\x02\x91\x04\xe3\x10\0\0\x29\x4a\xeb\x10\0\0\x2a\x3d\x80\0\0\0\x29\x48\x0d\
\x11\0\0\0\x2a\x3e\x80\0\0\0\x29\x49\x21\x11\0\0\0\x2a\x3f\x28\0\0\0\x29\x4c\
\x2c\x11\0\0\x2a\x40\x08\0\0\0\x29\x4b\x35\x11\0\0\x26\xb0\x04\0\0\x40\x08\0\0\
\0\x01\xee\x02\x2d\x01\x50\xb4\x04\0\0\x2e\x08\xc4\x04\0\0\0\0\x26\xd8\x04\0\0\
\x41\x08\0\0\0\x01\xee\x02\x2d\x01\x50\xdc\x04\0\0\x2e\x08\xec\x04\0\0\0\0\x2a\
\x42\x30\0\0\0\x29\x4e\x6e\x11\0\0\x2a\x43\x08\0\0\0\x29\x4d\x77\x11\0\0\x26\
\xb0\x04\0\0\x43\x08\0\0\0\x01\xef\x02\x2d\x03\x70\x08\x9f\xb4\x04\0\0\x2e\x08\
\xc4\x04\0\0\0\0\x26\xd8\x04\0\0\x44\x08\0\0\0\x01\xef\x02\x2d\x03\x70\x08\x9f\
\xdc\x04\0\0\x2e\x08\xec\x04\0\0\0\0\x2a\x45\x30\0\0\0\x29\x50\xb0\x11\0\0\x2a\
\x45\x08\0\0\0\x29\x4f\xb9\x11\0\0\x26\xb0\x04\0\0\x45\x08\0\0\0\x01\xf1\x02\
\x2d\x03\x70\x18\x9f\xb4\x04\0\0\x2e\x08\xc4\x04\0\0\0\0\x26\xd8\x04\0\0\x46\
\x20\0\0\0\x01\xf1\x02\x2d\x03\x70\x18\x9f\xdc\x04\0\0\x2e\x08\xec\x04\0\0\0\0\
\x2a\x47\x18\0\0\0\x29\x52\xf2\x11\0\0\x2a\x47\x08\0\0\0\x29\x51\xfb\x11\0\0\
\x26\xb0\x04\0\0\x47\x08\0\0\0\x01\xf5\x03\x2d\x03\x70\x10\x9f\xb4\x04\0\0\x2e\
\x08\xc4\x04\0\0\0\0\x26\xd8\x04\0\0\x48\x08\0\0\0\x01\xf5\x03\x2d\x03\x70\x10\
\x9f\xdc\x04\0\0\x2e\x08\xec\x04\0\0\0\0\0\0\x1c\x71\x01\xfa\x4c\0\0\0\x1d\x40\
\x01\xfa\x82\x03\0\0\x1d\x6c\x01\xfa\x87\x03\0\0\x1d\x6d\x01\xfa\x87\x03\0\0\
\x1d\x6e\x01\xfa\x4c\0\0\0\x1d\x5f\x01\xfa\x4c\0\0\0\x1d\x47\x01\xfa\x4c\0\0\0\
\x20\x72\x01\xfd\x09\x01\0\0\x2f\x4d\x01\0\x01\xf4\x01\0\0\x20\x6f\x01\xff\x4c\
\0\0\0\x20\x70\x01\xff\x4c\0\0\0\x20\x4e\x01\xfe\x04\x01\0\0\x21\x2f\x50\x01\
\x07\x01\x8f\x04\0\0\x21\x2f\x52\x01\x07\x01\x4c\0\0\0\0\0\x21\x2f\x50\x01\x09\
\x01\x8f\x04\0\0\x21\x2f\x52\x01\x09\x01\x4c\0\0\0\0\0\x21\x2f\x53\x01\x11\x01\
\x84\x14\0\0\x21\x2f\x53\x01\x11\x01\x9e\x14\0\0\0\0\x30\x08\x01\x11\x01\x31\
\x54\x5c\x01\0\0\x01\x11\x01\0\x31\x55\x93\x04\0\0\x01\x11\x01\0\0\x30\x08\x01\
\x11\x01\x31\x54\x5c\x01\0\0\x01\x11\x01\0\x31\x55\x93\x04\0\0\x01\x11\x01\0\0\
\x21\x2f\x53\x01\x12\x01\xce\x14\0\0\x21\x2f\x53\x01\x12\x01\xe8\x14\0\0\0\0\
\x30\x08\x01\x12\x01\x31\x54\x5c\x01\0\0\x01\x12\x01\0\x31\x55\x93\x04\0\0\x01\
\x12\x01\0\0\x30\x08\x01\x12\x01\x31\x54\x5c\x01\0\0\x01\x12\x01\0\x31\x55\x93\
\x04\0\0\x01\x12\x01\0\0\x21\x2f\x53\x01\x13\x01\x18\x15\0\0\x21\x2f\x53\x01\
\x13\x01\x32\x15\0\0\0\0\x30\x08\x01\x13\x01\x31\x54\x5c\x01\0\0\x01\x13\x01\0\
\x31\x55\x93\x04\0\0\x01\x13\x01\0\0\x30\x08\x01\x13\x01\x31\x54\x5c\x01\0\0\
\x01\x13\x01\0\x31\x55\x93\x04\0\0\x01\x13\x01\0\0\x21\x2f\x53\x01\x15\x01\x62\
\x15\0\0\x21\x2f\x53\x01\x15\x01\x7c\x15\0\0\0\0\x30\x08\x01\x15\x01\x31\x54\
\x5c\x01\0\0\x01\x15\x01\0\x31\x55\x93\x04\0\0\x01\x15\x01\0\0\x30\x08\x01\x15\
\x01\x31\x54\x5c\x01\0\0\x01\x15\x01\0\x31\x55\x93\x04\0\0\x01\x15\x01\0\0\0\
\x24\x49\x40\x03\0\0\x01\x5a\x7c\x01\xfa\x4c\0\0\0\x25\x53\x40\x01\xfa\x82\x03\
\0\0\x26\xe1\x13\0\0\x4a\0\x03\0\0\x01\xfa\x05\x27\x58\x01\x14\0\0\x27\x57\x09\
\x14\0\0\x27\x56\x11\x14\0\0\x28\x03\x91\xc0\0\x19\x14\0\0\x29\x54\x21\x14\0\0\
\x29\x55\x2a\x14\0\0\x29\x5a\x32\x14\0\0\x29\x5c\x3a\x14\0\0\x2a\x4b\x80\0\0\0\
\x29\x59\x4d\x14\0\0\0\x32\x04\x29\x5b\x63\x14\0\0\0\x2a\x4c\x28\0\0\0\x29\x5e\
\x6f\x14\0\0\x2a\x4d\x08\0\0\0\x29\x5d\x79\x14\0\0\x33\xb0\x04\0\0\x4d\x08\0\0\
\0\x01\x11\x01\x02\x2d\x01\x50\xb4\x04\0\0\x2e\x08\xc4\x04\0\0\0\0\x33\xd8\x04\
\0\0\x4e\x08\0\0\0\x01\x11\x01\x02\x2d\x01\x50\xdc\x04\0\0\x2e\x08\xec\x04\0\0\
\0\0\x2a\x4f\x30\0\0\0\x29\x60\xb9\x14\0\0\x2a\x50\x08\0\0\0\x29\x5f\xc3\x14\0\
\0\x33\xb0\x04\0\0\x50\x08\0\0\0\x01\x12\x01\x02\x2d\x03\x70\x08\x9f\xb4\x04\0\
\0\x2e\x08\xc4\x04\0\0\0\0\x33\xd8\x04\0\0\x51\x08\0\0\0\x01\x12\x01\x02\x2d\
\x03\x70\x08\x9f\xdc\x04\0\0\x2e\x08\xec\x04\0\0\0\0\x2a\x52\x30\0\0\0\x29\x62\
\x03\x15\0\0\x2a\x52\x08\0\0\0\x29\x61\x0d\x15\0\0\x33\xb0\x04\0\0\x52\x08\0\0\
\0\x01\x13\x01\x02\x2d\x03\x70\x18\x9f\xb4\x04\0\0\x2e\x08\xc4\x04\0\0\0\0\x33\
\xd8\x04\0\0\x53\x20\0\0\0\x01\x13\x01\x02\x2d\x03\x70\x18\x9f\xdc\x04\0\0\x2e\
\x08\xec\x04\0\0\0\0\x2a\x54\x18\0\0\0\x29\x64\x4d\x15\0\0\x2a\x54\x08\0\0\0\
\x29\x63\x57\x15\0\0\x33\xb0\x04\0\0\x54\x08\0\0\0\x01\x15\x01\x03\x2d\x03\x70\
\x10\x9f\xb4\x04\0\0\x2e\x08\xc4\x04\0\0\0\0\x33\xd8\x04\0\0\x55\x08\0\0\0\x01\
\x15\x01\x03\x2d\x03\x70\x10\x9f\xdc\x04\0\0\x2e\x08\xec\x04\0\0\0\0\0\0\0\x77\
\0\0\0\x05\0\x08\0\x06\0\0\0\x18\0\0\0\x24\0\0\0\x30\0\0\0\x3d\0\0\0\x49\0\0\0\
\x56\0\0\0\x01\x1b\x04\x20\xc0\x01\x04\xe0\x01\xb0\x02\0\x01\x22\x04\x20\xa0\
\x01\x04\xd0\x01\x80\x03\0\x01\x22\x04\xa8\x03\xa8\x04\x04\xd8\x04\xa8\x05\0\
\x01\x36\x04\x10\xe8\x02\x04\x80\x03\x88\x04\0\x01\x3b\x04\xf0\x07\x80\x08\x04\
\x90\x08\x80\x09\0\x03\x0d\xe8\x04\x03\x14\xe8\x04\x03\x1b\xc0\x02\x03\x22\xb8\
\x05\x03\x36\x98\x04\x03\x3b\xc8\x0b\0\xf8\x01\0\0\x05\0\0\0\0\0\0\0\x27\0\0\0\
\x39\0\0\0\x61\0\0\0\x69\0\0\0\x6d\0\0\0\x78\0\0\0\x8c\0\0\0\x95\0\0\0\xa3\0\0\
\0\xac\0\0\0\xb1\0\0\0\xb8\0\0\0\xbd\0\0\0\xc7\0\0\0\xcb\0\0\0\xd8\0\0\0\xde\0\
\0\0\xe8\0\0\0\xf6\0\0\0\xfd\0\0\0\x05\x01\0\0\x0b\x01\0\0\x14\x01\0\0\x19\x01\
\0\0\x22\x01\0\0\x2f\x01\0\0\x37\x01\0\0\x41\x01\0\0\x4f\x01\0\0\x62\x01\0\0\
\x75\x01\0\0\x83\x01\0\0\x93\x01\0\0\x9b\x01\0\0\xb1\x01\0\0\xbd\x01\0\0\xd0\
\x01\0\0\xd6\x01\0\0\xef\x01\0\0\xf5\x01\0\0\x09\x02\0\0\x1d\x02\0\0\x22\x02\0\
\0\x37\x02\0\0\x4a\x02\0\0\x56\x02\0\0\x5f\x02\0\0\x68\x02\0\0\x6f\x02\0\0\x7c\
\x02\0\0\x87\x02\0\0\x8f\x02\0\0\x9b\x02\0\0\xa5\x02\0\0\xb0\x02\0\0\xbe\x02\0\
\0\xc3\x02\0\0\xd0\x02\0\0\xdf\x02\0\0\xe5\x02\0\0\xf3\x02\0\0\x01\x03\0\0\x0f\
\x03\0\0\x27\x03\0\0\x2b\x03\0\0\x2f\x03\0\0\x37\x03\0\0\x42\x03\0\0\x46\x03\0\
\0\x4f\x03\0\0\x53\x03\0\0\x57\x03\0\0\x5b\x03\0\0\x63\x03\0\0\x69\x03\0\0\x83\
\x03\0\0\x88\x03\0\0\x8c\x03\0\0\x90\x03\0\0\x94\x03\0\0\x9a\x03\0\0\xa0\x03\0\
\0\xa2\x03\0\0\xa6\x03\0\0\xac\x03\0\0\xb0\x03\0\0\xc0\x03\0\0\xd1\x03\0\0\xd3\
\x03\0\0\xd7\x03\0\0\xdc\x03\0\0\xee\x03\0\0\x02\x04\0\0\x1c\x04\0\0\x23\x04\0\
\0\x29\x04\0\0\x30\x04\0\0\x4a\x04\0\0\x50\x04\0\0\x5a\x04\0\0\x63\x04\0\0\x68\
\x04\0\0\x6d\x04\0\0\x7e\x04\0\0\x97\x04\0\0\xac\x04\0\0\xb0\x04\0\0\xc7\x04\0\
\0\xd0\x04\0\0\xd7\x04\0\0\xdc\x04\0\0\xe3\x04\0\0\xeb\x04\0\0\x08\x05\0\0\x0e\
\x05\0\0\x21\x05\0\0\x34\x05\0\0\x48\x05\0\0\x58\x05\0\0\x6e\x05\0\0\x84\x05\0\
\0\x99\x05\0\0\xaa\x05\0\0\xbd\x05\0\0\x55\x62\x75\x6e\x74\x75\x20\x63\x6c\x61\
\x6e\x67\x20\x76\x65\x72\x73\x69\x6f\x6e\x20\x31\x39\x2e\x31\x2e\x31\x20\x28\
\x31\x75\x62\x75\x6e\x74\x75\x31\x29\0\x78\x64\x70\x5f\x6d\x6f\x6e\x69\x74\x6f\
\x72\x2e\x62\x70\x66\x2e\x63\0\x2f\x68\x6f\x6d\x65\x2f\x74\x75\x75\x6e\x61\x2e\
\x6c\x69\x6e\x75\x78\x2f\x78\x64\x70\x2d\x74\x6f\x6f\x6c\x73\x2f\x78\x64\x70\
\x2d\x6d\x6f\x6e\x69\x74\x6f\x72\0\x6e\x72\x5f\x63\x70\x75\x73\0\x69\x6e\x74\0\
\x66\x72\x6f\x6d\x5f\x6d\x61\x74\x63\x68\0\x5f\x5f\x41\x52\x52\x41\x59\x5f\x53\
\x49\x5a\x45\x5f\x54\x59\x50\x45\x5f\x5f\0\x74\x6f\x5f\x6d\x61\x74\x63\x68\0\
\x63\x70\x75\x6d\x61\x70\x5f\x6d\x61\x70\x5f\x69\x64\0\x5f\x6c\x69\x63\x65\x6e\
\x73\x65\0\x63\x68\x61\x72\0\x72\x78\x5f\x63\x6e\x74\0\x74\x79\x70\x65\0\x6d\
\x61\x70\x5f\x66\x6c\x61\x67\x73\0\x6b\x65\x79\0\x75\x6e\x73\x69\x67\x6e\x65\
\x64\x20\x69\x6e\x74\0\x76\x61\x6c\x75\x65\0\x70\x72\x6f\x63\x65\x73\x73\x65\
\x64\0\x75\x6e\x73\x69\x67\x6e\x65\x64\x20\x6c\x6f\x6e\x67\0\x73\x69\x7a\x65\
\x5f\x74\0\x64\x72\x6f\x70\x70\x65\x64\0\x69\x73\x73\x75\x65\0\x78\x64\x70\x5f\
\x70\x61\x73\x73\0\x69\x6e\x66\x6f\0\x78\x64\x70\x5f\x64\x72\x6f\x70\0\x78\x64\
\x70\x5f\x72\x65\x64\x69\x72\x65\x63\x74\0\x64\x61\x74\x61\x72\x65\x63\0\x61\
\x72\x72\x61\x79\x5f\x6d\x61\x70\0\x72\x65\x64\x69\x72\x5f\x65\x72\x72\x5f\x63\
\x6e\x74\0\x63\x70\x75\x6d\x61\x70\x5f\x65\x6e\x71\x75\x65\x75\x65\x5f\x63\x6e\
\x74\0\x63\x70\x75\x6d\x61\x70\x5f\x6b\x74\x68\x72\x65\x61\x64\x5f\x63\x6e\x74\
\0\x65\x78\x63\x65\x70\x74\x69\x6f\x6e\x5f\x63\x6e\x74\0\x64\x65\x76\x6d\x61\
\x70\x5f\x78\x6d\x69\x74\x5f\x63\x6e\x74\0\x72\x78\x71\x5f\x63\x6e\x74\0\x64\
\x65\x76\x6d\x61\x70\x5f\x78\x6d\x69\x74\x5f\x63\x6e\x74\x5f\x6d\x75\x6c\x74\
\x69\0\x6d\x61\x78\x5f\x65\x6e\x74\x72\x69\x65\x73\0\x75\x6e\x73\x69\x67\x6e\
\x65\x64\x20\x6c\x6f\x6e\x67\x20\x6c\x6f\x6e\x67\0\x5f\x5f\x75\x36\x34\0\x62\
\x70\x66\x5f\x67\x65\x74\x5f\x73\x6d\x70\x5f\x70\x72\x6f\x63\x65\x73\x73\x6f\
\x72\x5f\x69\x64\0\x5f\x5f\x75\x33\x32\0\x62\x70\x66\x5f\x6d\x61\x70\x5f\x6c\
\x6f\x6f\x6b\x75\x70\x5f\x65\x6c\x65\x6d\0\x62\x70\x66\x5f\x6d\x61\x70\x5f\x75\
\x70\x64\x61\x74\x65\x5f\x65\x6c\x65\x6d\0\x6c\x6f\x6e\x67\0\x58\x44\x50\x5f\
\x52\x45\x44\x49\x52\x45\x43\x54\x5f\x53\x55\x43\x43\x45\x53\x53\0\x58\x44\x50\
\x5f\x52\x45\x44\x49\x52\x45\x43\x54\x5f\x45\x52\x52\x4f\x52\0\x58\x44\x50\x5f\
\x41\x42\x4f\x52\x54\x45\x44\0\x58\x44\x50\x5f\x44\x52\x4f\x50\0\x58\x44\x50\
\x5f\x50\x41\x53\x53\0\x58\x44\x50\x5f\x54\x58\0\x58\x44\x50\x5f\x52\x45\x44\
\x49\x52\x45\x43\x54\0\x78\x64\x70\x5f\x61\x63\x74\x69\x6f\x6e\0\x42\x50\x46\
\x5f\x41\x4e\x59\0\x42\x50\x46\x5f\x4e\x4f\x45\x58\x49\x53\x54\0\x42\x50\x46\
\x5f\x45\x58\x49\x53\x54\0\x42\x50\x46\x5f\x46\x5f\x4c\x4f\x43\x4b\0\x75\x6e\
\x73\x69\x67\x6e\x65\x64\x20\x63\x68\x61\x72\0\x5f\x5f\x75\x38\0\x5f\x5f\x75\
\x38\x5f\x61\x6c\x69\x61\x73\x5f\x74\0\x75\x6e\x73\x69\x67\x6e\x65\x64\x20\x73\
\x68\x6f\x72\x74\0\x5f\x5f\x75\x31\x36\0\x5f\x5f\x75\x31\x36\x5f\x61\x6c\x69\
\x61\x73\x5f\x74\0\x5f\x5f\x75\x33\x32\x5f\x61\x6c\x69\x61\x73\x5f\x74\0\x5f\
\x5f\x75\x36\x34\x5f\x61\x6c\x69\x61\x73\x5f\x74\0\x5f\x5f\x5f\x5f\x74\x70\x5f\
\x78\x64\x70\x5f\x72\x65\x64\x69\x72\x65\x63\x74\x5f\x65\x72\x72\0\x63\x74\x78\
\0\x64\x65\x76\0\x69\x66\x69\x6e\x64\x65\x78\0\x6e\x65\x74\x5f\x64\x65\x76\x69\
\x63\x65\0\x78\x64\x70\0\x62\x70\x66\x5f\x70\x72\x6f\x67\0\x74\x67\x74\0\x65\
\x72\x72\0\x6d\x61\x70\0\x62\x70\x66\x5f\x6d\x61\x70\0\x69\x6e\x64\x65\x78\0\
\x78\x64\x70\x5f\x72\x65\x64\x69\x72\x65\x63\x74\x5f\x63\x6f\x6c\x6c\x65\x63\
\x74\x5f\x73\x74\x61\x74\0\x66\x72\x6f\x6d\0\x69\x64\x78\0\x72\x65\x63\0\x63\
\x70\x75\0\x5f\x5f\x72\x65\x73\0\x5f\x42\x6f\x6f\x6c\0\x69\0\x5f\x5f\x75\0\x5f\
\x5f\x76\x61\x6c\0\x5f\x5f\x63\0\x78\x64\x70\x5f\x67\x65\x74\x5f\x65\x72\x72\
\x5f\x6b\x65\x79\0\x5f\x5f\x72\x65\x61\x64\x5f\x6f\x6e\x63\x65\x5f\x73\x69\x7a\
\x65\0\x70\0\x72\x65\x73\0\x73\x69\x7a\x65\0\x5f\x5f\x77\x72\x69\x74\x65\x5f\
\x6f\x6e\x63\x65\x5f\x73\x69\x7a\x65\0\x5f\x5f\x5f\x5f\x74\x70\x5f\x78\x64\x70\
\x5f\x72\x65\x64\x69\x72\x65\x63\x74\0\x5f\x5f\x5f\x5f\x74\x70\x5f\x78\x64\x70\
\x5f\x63\x70\x75\x6d\x61\x70\x5f\x65\x6e\x71\x75\x65\x75\x65\0\x6d\x61\x70\x5f\
\x69\x64\0\x64\x72\x6f\x70\x73\0\x74\x6f\x5f\x63\x70\x75\0\x5f\x5f\x5f\x5f\x74\
\x70\x5f\x78\x64\x70\x5f\x63\x70\x75\x6d\x61\x70\x5f\x6b\x74\x68\x72\x65\x61\
\x64\0\x73\x63\x68\x65\x64\0\x78\x64\x70\x5f\x73\x74\x61\x74\x73\0\x72\x65\x64\
\x69\x72\x65\x63\x74\0\x70\x61\x73\x73\0\x64\x72\x6f\x70\0\x78\x64\x70\x5f\x63\
\x70\x75\x6d\x61\x70\x5f\x73\x74\x61\x74\x73\0\x5f\x5f\x5f\x5f\x74\x70\x5f\x78\
\x64\x70\x5f\x63\x70\x75\x6d\x61\x70\x5f\x63\x6f\x6d\x70\x61\x74\0\x5f\x5f\x5f\
\x5f\x74\x70\x5f\x78\x64\x70\x5f\x65\x78\x63\x65\x70\x74\x69\x6f\x6e\0\x61\x63\
\x74\0\x5f\x5f\x5f\x5f\x74\x70\x5f\x78\x64\x70\x5f\x64\x65\x76\x6d\x61\x70\x5f\
\x78\x6d\x69\x74\0\x66\x72\x6f\x6d\x5f\x64\x65\x76\0\x74\x6f\x5f\x64\x65\x76\0\
\x73\x65\x6e\x74\0\x69\x64\x78\x5f\x69\x6e\0\x69\x64\x78\x5f\x6f\x75\x74\0\x5f\
\x5f\x5f\x5f\x74\x70\x5f\x78\x64\x70\x5f\x64\x65\x76\x6d\x61\x70\x5f\x78\x6d\
\x69\x74\x5f\x6d\x75\x6c\x74\x69\0\x65\x6d\x70\x74\x79\0\x44\x57\x5f\x41\x54\
\x45\x5f\x75\x6e\x73\x69\x67\x6e\x65\x64\x5f\x33\x32\0\x44\x57\x5f\x41\x54\x45\
\x5f\x75\x6e\x73\x69\x67\x6e\x65\x64\x5f\x36\x34\0\x74\x70\x5f\x78\x64\x70\x5f\
\x72\x65\x64\x69\x72\x65\x63\x74\x5f\x65\x72\x72\0\x74\x70\x5f\x78\x64\x70\x5f\
\x72\x65\x64\x69\x72\x65\x63\x74\0\x74\x70\x5f\x78\x64\x70\x5f\x63\x70\x75\x6d\
\x61\x70\x5f\x65\x6e\x71\x75\x65\x75\x65\0\x74\x70\x5f\x78\x64\x70\x5f\x63\x70\
\x75\x6d\x61\x70\x5f\x6b\x74\x68\x72\x65\x61\x64\0\x74\x70\x5f\x78\x64\x70\x5f\
\x63\x70\x75\x6d\x61\x70\x5f\x63\x6f\x6d\x70\x61\x74\0\x74\x70\x5f\x78\x64\x70\
\x5f\x65\x78\x63\x65\x70\x74\x69\x6f\x6e\0\x74\x70\x5f\x78\x64\x70\x5f\x64\x65\
\x76\x6d\x61\x70\x5f\x78\x6d\x69\x74\0\x74\x70\x5f\x78\x64\x70\x5f\x64\x65\x76\
\x6d\x61\x70\x5f\x78\x6d\x69\x74\x5f\x6d\x75\x6c\x74\x69\0\xb4\x02\0\0\x05\0\
\x08\0\0\0\0\0\0\0\0\0\0\0\0\0\0\0\0\0\0\0\0\0\0\0\0\0\0\0\0\0\0\0\0\0\0\0\0\0\
\0\0\0\0\0\0\0\0\0\0\0\0\0\0\0\0\0\0\0\0\0\0\0\0\0\0\0\0\0\0\0\0\0\0\0\0\0\0\0\
\0\0\0\0\0\0\0\0\0\0\0\0\0\0\0\0\0\0\0\0\0\0\0\0\0\0\0\0\0\0\0\0\0\0\0\0\0\x10\
\0\0\0\0\0\0\0\x18\0\0\0\0\0\0\0\x38\0\0\0\0\0\0\0\xc0\0\0\0\0\0\0\0\x40\x02\0\
\0\0\0\0\0\x50\x02\0\0\0\0\0\0\0\0\0\0\0\0\0\0\x10\0\0\0\0\0\0\0\x18\0\0\0\0\0\
\0\0\x38\0\0\0\0\0\0\0\xc0\0\0\0\0\0\0\0\x40\x02\0\0\0\0\0\0\x50\x02\0\0\0\0\0\
\0\0\0\0\0\0\0\0\0\xe0\0\0\0\0\0\0\0\xf0\0\0\0\0\0\0\0\xf8\0\0\0\0\0\0\0\x08\
\x01\0\0\0\0\0\0\x18\x01\0\0\0\0\0\0\x28\x01\0\0\0\0\0\0\0\0\0\0\0\0\0\0\xd0\0\
\0\0\0\0\0\0\xe0\0\0\0\0\0\0\0\xe8\0\0\0\0\0\0\0\xf8\0\0\0\0\0\0\0\0\x01\0\0\0\
\0\0\0\x18\x01\0\0\0\0\0\0\x20\x01\0\0\0\0\0\0\x38\x01\0\0\0\0\0\0\x40\x01\0\0\
\0\0\0\0\x58\x01\0\0\0\0\0\0\x68\x01\0\0\0\0\0\0\x78\x01\0\0\0\0\0\0\x90\x01\0\
\0\0\0\0\0\x58\x02\0\0\0\0\0\0\x68\x02\0\0\0\0\0\0\x70\x02\0\0\0\0\0\0\x80\x02\
\0\0\0\0\0\0\x90\x02\0\0\0\0\0\0\xa0\x02\0\0\0\0\0\0\0\0\0\0\0\0\0\0\x30\0\0\0\
\0\0\0\0\xd8\0\0\0\0\0\0\0\xf0\x01\0\0\0\0\0\0\0\x02\0\0\0\0\0\0\0\0\0\0\0\0\0\
\0\x28\0\0\0\0\0\0\0\x50\0\0\0\0\0\0\0\xf0\0\0\0\0\0\0\0\xc8\x01\0\0\0\0\0\0\
\xd8\x01\0\0\0\0\0\0\xe8\x01\0\0\0\0\0\0\xf0\x01\0\0\0\0\0\0\x08\x02\0\0\0\0\0\
\0\x18\x02\0\0\0\0\0\0\x20\x02\0\0\0\0\0\0\x30\x02\0\0\0\0\0\0\x60\x02\0\0\0\0\
\0\0\x70\x02\0\0\0\0\0\0\x88\x02\0\0\0\0\0\0\xb8\x02\0\0\0\0\0\0\x50\x03\0\0\0\
\0\0\0\x08\x05\0\0\0\0\0\0\x18\x05\0\0\0\0\0\0\x28\x05\0\0\0\0\0\0\x30\x05\0\0\
\0\0\0\0\x48\x05\0\0\0\0\0\0\x58\x05\0\0\0\0\0\0\x60\x05\0\0\0\0\0\0\x70\x05\0\
\0\0\0\0\0\xa0\x05\0\0\0\0\0\0\xb0\x05\0\0\0\0\0\0\0\0\x9f\xeb\x01\0\x18\0\0\0\
\0\0\0\0\x3c\x05\0\0\x3c\x05\0\0\xc6\x0b\0\0\0\0\0\0\0\0\0\x02\x03\0\0\0\x01\0\
\0\0\0\0\0\x01\x04\0\0\0\x20\0\0\x01\0\0\0\0\0\0\0\x03\0\0\0\0\x02\0\0\0\x04\0\
\0\0\x02\0\0\0\x05\0\0\0\0\0\0\x01\x04\0\0\0\x20\0\0\0\0\0\0\0\0\0\0\x02\x06\0\
\0\0\0\0\0\0\0\0\0\x03\0\0\0\0\x02\0\0\0\x04\0\0\0\0\x04\0\0\0\0\0\0\0\0\0\x02\
\x08\0\0\0\x19\0\0\0\0\0\0\x01\x04\0\0\0\x20\0\0\0\0\0\0\0\0\0\0\x02\x0a\0\0\0\
\x26\0\0\0\x06\0\0\x04\x40\0\0\0\x2e\0\0\0\x0b\0\0\0\0\0\0\0\x38\0\0\0\x0b\0\0\
\0\x40\0\0\0\x40\0\0\0\x0b\0\0\0\x80\0\0\0\0\0\0\0\x0d\0\0\0\xc0\0\0\0\x46\0\0\
\0\x0b\0\0\0\0\x01\0\0\x4f\0\0\0\x0b\0\0\0\x40\x01\0\0\x5c\0\0\0\0\0\0\x08\x0c\
\0\0\0\x63\0\0\0\0\0\0\x01\x08\0\0\0\x40\0\0\0\0\0\0\0\x02\0\0\x05\x08\0\0\0\
\x71\0\0\0\x0b\0\0\0\0\0\0\0\x7a\0\0\0\x0b\0\0\0\0\0\0\0\x7f\0\0\0\0\0\0\x08\
\x0f\0\0\0\0\0\0\0\x04\0\0\x04\x20\0\0\0\x89\0\0\0\x01\0\0\0\0\0\0\0\x8e\0\0\0\
\x05\0\0\0\x40\0\0\0\x98\0\0\0\x07\0\0\0\x80\0\0\0\x9c\0\0\0\x09\0\0\0\xc0\0\0\
\0\xa2\0\0\0\0\0\0\x0e\x0e\0\0\0\x01\0\0\0\xa9\0\0\0\0\0\0\x0e\x0e\0\0\0\x01\0\
\0\0\xb7\0\0\0\0\0\0\x0e\x0e\0\0\0\x01\0\0\0\xca\0\0\0\0\0\0\x0e\x0e\0\0\0\x01\
\0\0\0\xdd\0\0\0\0\0\0\x0e\x0e\0\0\0\x01\0\0\0\xeb\0\0\0\0\0\0\x0e\x0e\0\0\0\
\x01\0\0\0\xfb\0\0\0\0\0\0\x0e\x0e\0\0\0\x01\0\0\0\0\0\0\0\0\0\0\x02\x18\0\0\0\
\0\0\0\0\0\0\0\x03\0\0\0\0\x02\0\0\0\x04\0\0\0\x05\0\0\0\0\0\0\0\0\0\0\x02\x1a\
\0\0\0\x03\x01\0\0\0\0\0\x08\x1b\0\0\0\x09\x01\0\0\0\0\0\x01\x08\0\0\0\x40\0\0\
\0\0\0\0\0\x04\0\0\x04\x20\0\0\0\x89\0\0\0\x17\0\0\0\0\0\0\0\x1c\x01\0\0\x05\0\
\0\0\x40\0\0\0\x98\0\0\0\x19\0\0\0\x80\0\0\0\x9c\0\0\0\x09\0\0\0\xc0\0\0\0\x28\
\x01\0\0\0\0\0\x0e\x1c\0\0\0\x01\0\0\0\0\0\0\0\0\0\0\x02\x1b\0\0\0\0\0\0\0\x01\
\0\0\x0d\x02\0\0\0\x3e\x01\0\0\x1e\0\0\0\x42\x01\0\0\x01\0\0\x0c\x1f\0\0\0\x04\
\x02\0\0\x01\0\0\x04\x04\0\0\0\x0f\x02\0\0\x02\0\0\0\0\0\0\0\0\0\0\0\x01\0\0\
\x0d\x02\0\0\0\x3e\x01\0\0\x1e\0\0\0\xec\x03\0\0\x01\0\0\x0c\x22\0\0\0\0\0\0\0\
\x01\0\0\x0d\x02\0\0\0\x3e\x01\0\0\x1e\0\0\0\x4c\x04\0\0\x01\0\0\x0c\x24\0\0\0\
\0\0\0\0\x01\0\0\x0d\x02\0\0\0\x3e\x01\0\0\x1e\0\0\0\xc4\x05\0\0\x01\0\0\x0c\
\x26\0\0\0\x96\x06\0\0\x03\0\0\x04\x0c\0\0\0\xa7\x06\0\0\x08\0\0\0\0\0\0\0\xb0\
\x06\0\0\x08\0\0\0\x20\0\0\0\xb5\x06\0\0\x08\0\0\0\x40\0\0\0\0\0\0\0\x01\0\0\
\x0d\x02\0\0\0\x3e\x01\0\0\x1e\0\0\0\x60\x07\0\0\x01\0\0\x0c\x29\0\0\0\0\0\0\0\
\x01\0\0\x0d\x02\0\0\0\x3e\x01\0\0\x1e\0\0\0\xbc\x07\0\0\x01\0\0\x0c\x2b\0\0\0\
\0\0\0\0\x01\0\0\x0d\x02\0\0\0\x3e\x01\0\0\x1e\0\0\0\xd4\x08\0\0\x01\0\0\x0c\
\x2d\0\0\0\0\0\0\0\x01\0\0\x0d\x02\0\0\0\x3e\x01\0\0\x1e\0\0\0\x46\x0a\0\0\x01\
\0\0\x0c\x2f\0\0\0\0\0\0\0\0\0\0\x0a\x32\0\0\0\0\0\0\0\0\0\0\x09\x02\0\0\0\x73\
\x0b\0\0\0\0\0\x0e\x31\0\0\0\x01\0\0\0\0\0\0\0\0\0\0\x03\0\0\0\0\x31\0\0\0\x04\
\0\0\0\x20\0\0\0\x7b\x0b\0\0\0\0\0\x0e\x34\0\0\0\x01\0\0\0\x86\x0b\0\0\0\0\0\
\x0e\x34\0\0\0\x01\0\0\0\x8f\x0b\0\0\0\0\0\x0e\x02\0\0\0\x01\0\0\0\x9d\x0b\0\0\
\0\0\0\x01\x01\0\0\0\x08\0\0\x01\0\0\0\0\0\0\0\x03\0\0\0\0\x38\0\0\0\x04\0\0\0\
\x04\0\0\0\xa2\x0b\0\0\0\0\0\x0e\x39\0\0\0\x01\0\0\0\xab\x0b\0\0\x01\0\0\x0f\0\
\0\0\0\x37\0\0\0\0\0\0\0\x04\0\0\0\xb0\x0b\0\0\x08\0\0\x0f\0\0\0\0\x10\0\0\0\0\
\0\0\0\x20\0\0\0\x11\0\0\0\0\0\0\0\x20\0\0\0\x12\0\0\0\0\0\0\0\x20\0\0\0\x13\0\
\0\0\0\0\0\0\x20\0\0\0\x14\0\0\0\0\0\0\0\x20\0\0\0\x15\0\0\0\0\0\0\0\x20\0\0\0\
\x16\0\0\0\0\0\0\0\x20\0\0\0\x1d\0\0\0\0\0\0\0\x20\0\0\0\xb6\x0b\0\0\x03\0\0\
\x0f\0\0\0\0\x33\0\0\0\0\0\0\0\x04\0\0\0\x35\0\0\0\0\0\0\0\x80\0\0\0\x36\0\0\0\
\0\0\0\0\x80\0\0\0\xbe\x0b\0\0\x01\0\0\x0f\0\0\0\0\x3a\0\0\0\0\0\0\0\x04\0\0\0\
\0\x69\x6e\x74\0\x5f\x5f\x41\x52\x52\x41\x59\x5f\x53\x49\x5a\x45\x5f\x54\x59\
\x50\x45\x5f\x5f\0\x75\x6e\x73\x69\x67\x6e\x65\x64\x20\x69\x6e\x74\0\x64\x61\
\x74\x61\x72\x65\x63\0\x70\x72\x6f\x63\x65\x73\x73\x65\x64\0\x64\x72\x6f\x70\
\x70\x65\x64\0\x69\x73\x73\x75\x65\0\x78\x64\x70\x5f\x64\x72\x6f\x70\0\x78\x64\
\x70\x5f\x72\x65\x64\x69\x72\x65\x63\x74\0\x73\x69\x7a\x65\x5f\x74\0\x75\x6e\
\x73\x69\x67\x6e\x65\x64\x20\x6c\x6f\x6e\x67\0\x78\x64\x70\x5f\x70\x61\x73\x73\
\0\x69\x6e\x66\x6f\0\x61\x72\x72\x61\x79\x5f\x6d\x61\x70\0\x74\x79\x70\x65\0\
\x6d\x61\x70\x5f\x66\x6c\x61\x67\x73\0\x6b\x65\x79\0\x76\x61\x6c\x75\x65\0\x72\
\x78\x5f\x63\x6e\x74\0\x72\x65\x64\x69\x72\x5f\x65\x72\x72\x5f\x63\x6e\x74\0\
\x63\x70\x75\x6d\x61\x70\x5f\x65\x6e\x71\x75\x65\x75\x65\x5f\x63\x6e\x74\0\x63\
\x70\x75\x6d\x61\x70\x5f\x6b\x74\x68\x72\x65\x61\x64\x5f\x63\x6e\x74\0\x65\x78\
\x63\x65\x70\x74\x69\x6f\x6e\x5f\x63\x6e\x74\0\x64\x65\x76\x6d\x61\x70\x5f\x78\
\x6d\x69\x74\x5f\x63\x6e\x74\0\x72\x78\x71\x5f\x63\x6e\x74\0\x5f\x5f\x75\x36\
\x34\0\x75\x6e\x73\x69\x67\x6e\x65\x64\x20\x6c\x6f\x6e\x67\x20\x6c\x6f\x6e\x67\
\0\x6d\x61\x78\x5f\x65\x6e\x74\x72\x69\x65\x73\0\x64\x65\x76\x6d\x61\x70\x5f\
\x78\x6d\x69\x74\x5f\x63\x6e\x74\x5f\x6d\x75\x6c\x74\x69\0\x63\x74\x78\0\x74\
\x70\x5f\x78\x64\x70\x5f\x72\x65\x64\x69\x72\x65\x63\x74\x5f\x65\x72\x72\0\x74\
\x70\x5f\x62\x74\x66\x2f\x78\x64\x70\x5f\x72\x65\x64\x69\x72\x65\x63\x74\x5f\
\x65\x72\x72\0\x2f\x68\x6f\x6d\x65\x2f\x74\x75\x75\x6e\x61\x2e\x6c\x69\x6e\x75\
\x78\x2f\x78\x64\x70\x2d\x74\x6f\x6f\x6c\x73\x2f\x78\x64\x70\x2d\x6d\x6f\x6e\
\x69\x74\x6f\x72\x2f\x2e\x2e\x2f\x6c\x69\x62\x2f\x2e\x2e\x2f\x68\x65\x61\x64\
\x65\x72\x73\x2f\x78\x64\x70\x2f\x78\x64\x70\x5f\x73\x61\x6d\x70\x6c\x65\x5f\
\x63\x6f\x6d\x6d\x6f\x6e\x2e\x62\x70\x66\x2e\x68\0\x69\x6e\x74\x20\x42\x50\x46\
\x5f\x50\x52\x4f\x47\x28\x74\x70\x5f\x78\x64\x70\x5f\x72\x65\x64\x69\x72\x65\
\x63\x74\x5f\x65\x72\x72\x2c\x20\x63\x6f\x6e\x73\x74\x20\x73\x74\x72\x75\x63\
\x74\x20\x6e\x65\x74\x5f\x64\x65\x76\x69\x63\x65\x20\x2a\x64\x65\x76\x2c\0\x6e\
\x65\x74\x5f\x64\x65\x76\x69\x63\x65\0\x69\x66\x69\x6e\x64\x65\x78\0\x30\x3a\
\x30\0\x09\x72\x65\x74\x75\x72\x6e\x20\x78\x64\x70\x5f\x72\x65\x64\x69\x72\x65\
\x63\x74\x5f\x63\x6f\x6c\x6c\x65\x63\x74\x5f\x73\x74\x61\x74\x28\x64\x65\x76\
\x2d\x3e\x69\x66\x69\x6e\x64\x65\x78\x2c\x20\x65\x72\x72\x29\x3b\0\x09\x5f\x5f\
\x75\x33\x32\x20\x63\x70\x75\x20\x3d\x20\x62\x70\x66\x5f\x67\x65\x74\x5f\x73\
\x6d\x70\x5f\x70\x72\x6f\x63\x65\x73\x73\x6f\x72\x5f\x69\x64\x28\x29\x3b\0\x09\
\x69\x66\x20\x28\x21\x49\x4e\x5f\x53\x45\x54\x28\x66\x72\x6f\x6d\x5f\x6d\x61\
\x74\x63\x68\x2c\x20\x66\x72\x6f\x6d\x29\x29\0\x09\x73\x77\x69\x74\x63\x68\x20\
\x28\x65\x72\x72\x29\x20\x7b\0\x09\x69\x64\x78\x20\x3d\x20\x6b\x65\x79\x20\x2a\
\x20\x6e\x72\x5f\x63\x70\x75\x73\x20\x2b\x20\x63\x70\x75\x3b\0\x09\x72\x65\x63\
\x20\x3d\x20\x62\x70\x66\x5f\x6d\x61\x70\x5f\x6c\x6f\x6f\x6b\x75\x70\x5f\x65\
\x6c\x65\x6d\x28\x26\x72\x65\x64\x69\x72\x5f\x65\x72\x72\x5f\x63\x6e\x74\x2c\
\x20\x26\x69\x64\x78\x29\x3b\0\x09\x69\x66\x20\x28\x21\x72\x65\x63\x29\0\x09\
\x69\x66\x20\x28\x6b\x65\x79\x29\0\x2f\x68\x6f\x6d\x65\x2f\x74\x75\x75\x6e\x61\
\x2e\x6c\x69\x6e\x75\x78\x2f\x78\x64\x70\x2d\x74\x6f\x6f\x6c\x73\x2f\x78\x64\
\x70\x2d\x6d\x6f\x6e\x69\x74\x6f\x72\x2f\x2e\x2e\x2f\x6c\x69\x62\x2f\x2e\x2e\
\x2f\x68\x65\x61\x64\x65\x72\x73\x2f\x78\x64\x70\x2f\x78\x64\x70\x5f\x73\x61\
\x6d\x70\x6c\x65\x2e\x62\x70\x66\x2e\x68\0\x09\x63\x61\x73\x65\x20\x38\x3a\x20\
\x2a\x28\x5f\x5f\x75\x36\x34\x5f\x61\x6c\x69\x61\x73\x5f\x74\x20\x2a\x29\x20\
\x72\x65\x73\x20\x3d\x20\x2a\x28\x76\x6f\x6c\x61\x74\x69\x6c\x65\x20\x5f\x5f\
\x75\x36\x34\x5f\x61\x6c\x69\x61\x73\x5f\x74\x20\x2a\x29\x20\x70\x3b\x20\x62\
\x72\x65\x61\x6b\x3b\0\x09\x63\x61\x73\x65\x20\x38\x3a\x20\x2a\x28\x76\x6f\x6c\
\x61\x74\x69\x6c\x65\x20\x5f\x5f\x75\x36\x34\x5f\x61\x6c\x69\x61\x73\x5f\x74\
\x20\x2a\x29\x20\x70\x20\x3d\x20\x2a\x28\x5f\x5f\x75\x36\x34\x5f\x61\x6c\x69\
\x61\x73\x5f\x74\x20\x2a\x29\x20\x72\x65\x73\x3b\x20\x62\x72\x65\x61\x6b\x3b\0\
\x74\x70\x5f\x78\x64\x70\x5f\x72\x65\x64\x69\x72\x65\x63\x74\0\x74\x70\x5f\x62\
\x74\x66\x2f\x78\x64\x70\x5f\x72\x65\x64\x69\x72\x65\x63\x74\0\x69\x6e\x74\x20\
\x42\x50\x46\x5f\x50\x52\x4f\x47\x28\x74\x70\x5f\x78\x64\x70\x5f\x72\x65\x64\
\x69\x72\x65\x63\x74\x2c\x20\x63\x6f\x6e\x73\x74\x20\x73\x74\x72\x75\x63\x74\
\x20\x6e\x65\x74\x5f\x64\x65\x76\x69\x63\x65\x20\x2a\x64\x65\x76\x2c\0\x74\x70\
\x5f\x78\x64\x70\x5f\x63\x70\x75\x6d\x61\x70\x5f\x65\x6e\x71\x75\x65\x75\x65\0\
\x74\x70\x5f\x62\x74\x66\x2f\x78\x64\x70\x5f\x63\x70\x75\x6d\x61\x70\x5f\x65\
\x6e\x71\x75\x65\x75\x65\0\x69\x6e\x74\x20\x42\x50\x46\x5f\x50\x52\x4f\x47\x28\
\x74\x70\x5f\x78\x64\x70\x5f\x63\x70\x75\x6d\x61\x70\x5f\x65\x6e\x71\x75\x65\
\x75\x65\x2c\x20\x69\x6e\x74\x20\x6d\x61\x70\x5f\x69\x64\x2c\x20\x75\x6e\x73\
\x69\x67\x6e\x65\x64\x20\x69\x6e\x74\x20\x70\x72\x6f\x63\x65\x73\x73\x65\x64\
\x2c\0\x09\x69\x66\x20\x28\x63\x70\x75\x6d\x61\x70\x5f\x6d\x61\x70\x5f\x69\x64\
\x20\x26\x26\x20\x63\x70\x75\x6d\x61\x70\x5f\x6d\x61\x70\x5f\x69\x64\x20\x21\
\x3d\x20\x6d\x61\x70\x5f\x69\x64\x29\0\x09\x69\x64\x78\x20\x3d\x20\x74\x6f\x5f\
\x63\x70\x75\x20\x2a\x20\x6e\x72\x5f\x63\x70\x75\x73\x20\x2b\x20\x63\x70\x75\
\x3b\0\x09\x72\x65\x63\x20\x3d\x20\x62\x70\x66\x5f\x6d\x61\x70\x5f\x6c\x6f\x6f\
\x6b\x75\x70\x5f\x65\x6c\x65\x6d\x28\x26\x63\x70\x75\x6d\x61\x70\x5f\x65\x6e\
\x71\x75\x65\x75\x65\x5f\x63\x6e\x74\x2c\x20\x26\x69\x64\x78\x29\x3b\0\x09\x4e\
\x4f\x5f\x54\x45\x41\x52\x5f\x41\x44\x44\x28\x72\x65\x63\x2d\x3e\x70\x72\x6f\
\x63\x65\x73\x73\x65\x64\x2c\x20\x70\x72\x6f\x63\x65\x73\x73\x65\x64\x29\x3b\0\
\x09\x4e\x4f\x5f\x54\x45\x41\x52\x5f\x41\x44\x44\x28\x72\x65\x63\x2d\x3e\x64\
\x72\x6f\x70\x70\x65\x64\x2c\x20\x64\x72\x6f\x70\x73\x29\x3b\0\x09\x69\x66\x20\
\x28\x70\x72\x6f\x63\x65\x73\x73\x65\x64\x20\x3e\x20\x30\x29\0\x09\x09\x4e\x4f\
\x5f\x54\x45\x41\x52\x5f\x49\x4e\x43\x28\x72\x65\x63\x2d\x3e\x69\x73\x73\x75\
\x65\x29\x3b\0\x74\x70\x5f\x78\x64\x70\x5f\x63\x70\x75\x6d\x61\x70\x5f\x6b\x74\
\x68\x72\x65\x61\x64\0\x74\x70\x5f\x62\x74\x66\x2f\x78\x64\x70\x5f\x63\x70\x75\
\x6d\x61\x70\x5f\x6b\x74\x68\x72\x65\x61\x64\0\x69\x6e\x74\x20\x42\x50\x46\x5f\
\x50\x52\x4f\x47\x28\x74\x70\x5f\x78\x64\x70\x5f\x63\x70\x75\x6d\x61\x70\x5f\
\x6b\x74\x68\x72\x65\x61\x64\x2c\x20\x69\x6e\x74\x20\x6d\x61\x70\x5f\x69\x64\
\x2c\x20\x75\x6e\x73\x69\x67\x6e\x65\x64\x20\x69\x6e\x74\x20\x70\x72\x6f\x63\
\x65\x73\x73\x65\x64\x2c\0\x09\x63\x70\x75\x20\x3d\x20\x62\x70\x66\x5f\x67\x65\
\x74\x5f\x73\x6d\x70\x5f\x70\x72\x6f\x63\x65\x73\x73\x6f\x72\x5f\x69\x64\x28\
\x29\x3b\0\x09\x72\x65\x63\x20\x3d\x20\x62\x70\x66\x5f\x6d\x61\x70\x5f\x6c\x6f\
\x6f\x6b\x75\x70\x5f\x65\x6c\x65\x6d\x28\x26\x63\x70\x75\x6d\x61\x70\x5f\x6b\
\x74\x68\x72\x65\x61\x64\x5f\x63\x6e\x74\x2c\x20\x26\x63\x70\x75\x29\x3b\0\x78\
\x64\x70\x5f\x63\x70\x75\x6d\x61\x70\x5f\x73\x74\x61\x74\x73\0\x72\x65\x64\x69\
\x72\x65\x63\x74\0\x70\x61\x73\x73\0\x64\x72\x6f\x70\0\x30\x3a\x31\0\x09\x4e\
\x4f\x5f\x54\x45\x41\x52\x5f\x41\x44\x44\x28\x72\x65\x63\x2d\x3e\x78\x64\x70\
\x5f\x70\x61\x73\x73\x2c\x20\x78\x64\x70\x5f\x73\x74\x61\x74\x73\x2d\x3e\x70\
\x61\x73\x73\x29\x3b\0\x30\x3a\x32\0\x09\x4e\x4f\x5f\x54\x45\x41\x52\x5f\x41\
\x44\x44\x28\x72\x65\x63\x2d\x3e\x78\x64\x70\x5f\x64\x72\x6f\x70\x2c\x20\x78\
\x64\x70\x5f\x73\x74\x61\x74\x73\x2d\x3e\x64\x72\x6f\x70\x29\x3b\0\x09\x4e\x4f\
\x5f\x54\x45\x41\x52\x5f\x41\x44\x44\x28\x72\x65\x63\x2d\x3e\x78\x64\x70\x5f\
\x72\x65\x64\x69\x72\x65\x63\x74\x2c\x20\x78\x64\x70\x5f\x73\x74\x61\x74\x73\
\x2d\x3e\x72\x65\x64\x69\x72\x65\x63\x74\x29\x3b\0\x09\x69\x66\x20\x28\x73\x63\
\x68\x65\x64\x29\0\x74\x70\x5f\x78\x64\x70\x5f\x63\x70\x75\x6d\x61\x70\x5f\x63\
\x6f\x6d\x70\x61\x74\0\x69\x6e\x74\x20\x42\x50\x46\x5f\x50\x52\x4f\x47\x28\x74\
\x70\x5f\x78\x64\x70\x5f\x63\x70\x75\x6d\x61\x70\x5f\x63\x6f\x6d\x70\x61\x74\
\x2c\x20\x69\x6e\x74\x20\x6d\x61\x70\x5f\x69\x64\x2c\x20\x75\x6e\x73\x69\x67\
\x6e\x65\x64\x20\x69\x6e\x74\x20\x70\x72\x6f\x63\x65\x73\x73\x65\x64\x2c\0\x74\
\x70\x5f\x78\x64\x70\x5f\x65\x78\x63\x65\x70\x74\x69\x6f\x6e\0\x74\x70\x5f\x62\
\x74\x66\x2f\x78\x64\x70\x5f\x65\x78\x63\x65\x70\x74\x69\x6f\x6e\0\x69\x6e\x74\
\x20\x42\x50\x46\x5f\x50\x52\x4f\x47\x28\x74\x70\x5f\x78\x64\x70\x5f\x65\x78\
\x63\x65\x70\x74\x69\x6f\x6e\x2c\x20\x63\x6f\x6e\x73\x74\x20\x73\x74\x72\x75\
\x63\x74\x20\x6e\x65\x74\x5f\x64\x65\x76\x69\x63\x65\x20\x2a\x64\x65\x76\x2c\0\
\x09\x69\x66\x20\x28\x21\x49\x4e\x5f\x53\x45\x54\x28\x66\x72\x6f\x6d\x5f\x6d\
\x61\x74\x63\x68\x2c\x20\x64\x65\x76\x2d\x3e\x69\x66\x69\x6e\x64\x65\x78\x29\
\x29\0\x09\x69\x66\x20\x28\x21\x49\x4e\x5f\x53\x45\x54\x28\x74\x6f\x5f\x6d\x61\
\x74\x63\x68\x2c\x20\x64\x65\x76\x2d\x3e\x69\x66\x69\x6e\x64\x65\x78\x29\x29\0\
\x09\x69\x66\x20\x28\x6b\x65\x79\x20\x3e\x20\x58\x44\x50\x5f\x52\x45\x44\x49\
\x52\x45\x43\x54\x29\0\x09\x72\x65\x63\x20\x3d\x20\x62\x70\x66\x5f\x6d\x61\x70\
\x5f\x6c\x6f\x6f\x6b\x75\x70\x5f\x65\x6c\x65\x6d\x28\x26\x65\x78\x63\x65\x70\
\x74\x69\x6f\x6e\x5f\x63\x6e\x74\x2c\x20\x26\x69\x64\x78\x29\x3b\0\x09\x4e\x4f\
\x5f\x54\x45\x41\x52\x5f\x49\x4e\x43\x28\x72\x65\x63\x2d\x3e\x64\x72\x6f\x70\
\x70\x65\x64\x29\x3b\0\x74\x70\x5f\x78\x64\x70\x5f\x64\x65\x76\x6d\x61\x70\x5f\
\x78\x6d\x69\x74\0\x74\x70\x5f\x62\x74\x66\x2f\x78\x64\x70\x5f\x64\x65\x76\x6d\
\x61\x70\x5f\x78\x6d\x69\x74\0\x69\x6e\x74\x20\x42\x50\x46\x5f\x50\x52\x4f\x47\
\x28\x74\x70\x5f\x78\x64\x70\x5f\x64\x65\x76\x6d\x61\x70\x5f\x78\x6d\x69\x74\
\x2c\x20\x63\x6f\x6e\x73\x74\x20\x73\x74\x72\x75\x63\x74\x20\x6e\x65\x74\x5f\
\x64\x65\x76\x69\x63\x65\x20\x2a\x66\x72\x6f\x6d\x5f\x64\x65\x76\x2c\0\x09\x69\
\x64\x78\x5f\x6f\x75\x74\x20\x3d\x20\x74\x6f\x5f\x64\x65\x76\x2d\x3e\x69\x66\
\x69\x6e\x64\x65\x78\x3b\0\x09\x69\x64\x78\x5f\x69\x6e\x20\x3d\x20\x66\x72\x6f\
\x6d\x5f\x64\x65\x76\x2d\x3e\x69\x66\x69\x6e\x64\x65\x78\x3b\0\x09\x69\x66\x20\
\x28\x21\x49\x4e\x5f\x53\x45\x54\x28\x66\x72\x6f\x6d\x5f\x6d\x61\x74\x63\x68\
\x2c\x20\x69\x64\x78\x5f\x69\x6e\x29\x29\0\x09\x69\x66\x20\x28\x21\x49\x4e\x5f\
\x53\x45\x54\x28\x74\x6f\x5f\x6d\x61\x74\x63\x68\x2c\x20\x69\x64\x78\x5f\x6f\
\x75\x74\x29\x29\0\x09\x72\x65\x63\x20\x3d\x20\x62\x70\x66\x5f\x6d\x61\x70\x5f\
\x6c\x6f\x6f\x6b\x75\x70\x5f\x65\x6c\x65\x6d\x28\x26\x64\x65\x76\x6d\x61\x70\
\x5f\x78\x6d\x69\x74\x5f\x63\x6e\x74\x2c\x20\x26\x63\x70\x75\x29\x3b\0\x09\x4e\
\x4f\x5f\x54\x45\x41\x52\x5f\x41\x44\x44\x28\x72\x65\x63\x2d\x3e\x70\x72\x6f\
\x63\x65\x73\x73\x65\x64\x2c\x20\x73\x65\x6e\x74\x29\x3b\0\x09\x4e\x4f\x5f\x54\
\x45\x41\x52\x5f\x49\x4e\x43\x28\x72\x65\x63\x2d\x3e\x69\x6e\x66\x6f\x29\x3b\0\
\x09\x69\x66\x20\x28\x65\x72\x72\x20\x7c\x7c\x20\x64\x72\x6f\x70\x73\x20\x3c\
\x20\x30\x29\0\x74\x70\x5f\x78\x64\x70\x5f\x64\x65\x76\x6d\x61\x70\x5f\x78\x6d\
\x69\x74\x5f\x6d\x75\x6c\x74\x69\0\x69\x6e\x74\x20\x42\x50\x46\x5f\x50\x52\x4f\
\x47\x28\x74\x70\x5f\x78\x64\x70\x5f\x64\x65\x76\x6d\x61\x70\x5f\x78\x6d\x69\
\x74\x5f\x6d\x75\x6c\x74\x69\x2c\x20\x63\x6f\x6e\x73\x74\x20\x73\x74\x72\x75\
\x63\x74\x20\x6e\x65\x74\x5f\x64\x65\x76\x69\x63\x65\x20\x2a\x66\x72\x6f\x6d\
\x5f\x64\x65\x76\x2c\0\x09\x73\x74\x72\x75\x63\x74\x20\x64\x61\x74\x61\x72\x65\
\x63\x20\x65\x6d\x70\x74\x79\x20\x3d\x20\x7b\x7d\x3b\0\x09\x69\x64\x78\x20\x3d\
\x20\x69\x64\x78\x5f\x69\x6e\x3b\0\x09\x69\x64\x78\x20\x3d\x20\x69\x64\x78\x20\
\x3c\x3c\x20\x33\x32\x20\x7c\x20\x69\x64\x78\x5f\x6f\x75\x74\x3b\0\x09\x62\x70\
\x66\x5f\x6d\x61\x70\x5f\x75\x70\x64\x61\x74\x65\x5f\x65\x6c\x65\x6d\x28\x26\
\x64\x65\x76\x6d\x61\x70\x5f\x78\x6d\x69\x74\x5f\x63\x6e\x74\x5f\x6d\x75\x6c\
\x74\x69\x2c\x20\x26\x69\x64\x78\x2c\x20\x26\x65\x6d\x70\x74\x79\x2c\x20\x42\
\x50\x46\x5f\x4e\x4f\x45\x58\x49\x53\x54\x29\x3b\0\x09\x72\x65\x63\x20\x3d\x20\
\x62\x70\x66\x5f\x6d\x61\x70\x5f\x6c\x6f\x6f\x6b\x75\x70\x5f\x65\x6c\x65\x6d\
\x28\x26\x64\x65\x76\x6d\x61\x70\x5f\x78\x6d\x69\x74\x5f\x63\x6e\x74\x5f\x6d\
\x75\x6c\x74\x69\x2c\x20\x26\x69\x64\x78\x29\x3b\0\x6e\x72\x5f\x63\x70\x75\x73\
\0\x66\x72\x6f\x6d\x5f\x6d\x61\x74\x63\x68\0\x74\x6f\x5f\x6d\x61\x74\x63\x68\0\
\x63\x70\x75\x6d\x61\x70\x5f\x6d\x61\x70\x5f\x69\x64\0\x63\x68\x61\x72\0\x5f\
\x6c\x69\x63\x65\x6e\x73\x65\0\x2e\x62\x73\x73\0\x2e\x6d\x61\x70\x73\0\x2e\x72\
\x6f\x64\x61\x74\x61\0\x6c\x69\x63\x65\x6e\x73\x65\0\0\0\x9f\xeb\x01\0\x20\0\0\
\0\0\0\0\0\x74\0\0\0\x74\0\0\0\xb4\x0e\0\0\x28\x0f\0\0\xdc\0\0\0\x08\0\0\0\x56\
\x01\0\0\x01\0\0\0\0\0\0\0\x20\0\0\0\xfc\x03\0\0\x01\0\0\0\0\0\0\0\x23\0\0\0\
\x62\x04\0\0\x01\0\0\0\0\0\0\0\x25\0\0\0\xda\x05\0\0\x02\0\0\0\0\0\0\0\x27\0\0\
\0\x90\x01\0\0\x2a\0\0\0\xcd\x07\0\0\x01\0\0\0\0\0\0\0\x2c\0\0\0\xe7\x08\0\0\
\x02\0\0\0\0\0\0\0\x2e\0\0\0\x88\x02\0\0\x30\0\0\0\x10\0\0\0\x56\x01\0\0\x17\0\
\0\0\0\0\0\0\x6e\x01\0\0\xc4\x01\0\0\x05\x9c\x01\0\x10\0\0\0\x6e\x01\0\0\x1b\
\x02\0\0\x28\xac\x01\0\x18\0\0\0\x6e\x01\0\0\x51\x02\0\0\x0e\x2c\x01\0\x20\0\0\
\0\x6e\x01\0\0\x7a\x02\0\0\x07\x40\x01\0\x38\0\0\0\x6e\x01\0\0\x7a\x02\0\0\x07\
\x40\x01\0\x40\0\0\0\x6e\x01\0\0\x7a\x02\0\0\x07\x40\x01\0\x48\0\0\0\x6e\x01\0\
\0\x7a\x02\0\0\x07\x40\x01\0\x60\0\0\0\x6e\x01\0\0\x7a\x02\0\0\x07\x40\x01\0\
\x68\0\0\0\x6e\x01\0\0\x7a\x02\0\0\x07\x40\x01\0\x98\0\0\0\x6e\x01\0\0\x7a\x02\
\0\0\x07\x40\x01\0\xa0\0\0\0\x6e\x01\0\0\x7a\x02\0\0\x07\x40\x01\0\xb8\0\0\0\
\x6e\x01\0\0\x7a\x02\0\0\x06\x40\x01\0\xc0\0\0\0\x6e\x01\0\0\x9a\x02\0\0\x02\
\xdc\0\0\xd8\x01\0\0\x6e\x01\0\0\xaa\x02\0\0\x0e\x54\x01\0\xf0\x01\0\0\x6e\x01\
\0\0\xaa\x02\0\0\x0c\x54\x01\0\xf8\x01\0\0\x6e\x01\0\0\xaa\x02\0\0\x16\x54\x01\
\0\0\x02\0\0\x6e\x01\0\0\xaa\x02\0\0\x06\x54\x01\0\x18\x02\0\0\x6e\x01\0\0\xc6\
\x02\0\0\x08\x58\x01\0\x30\x02\0\0\x6e\x01\0\0\xf8\x02\0\0\x06\x5c\x01\0\x38\
\x02\0\0\x6e\x01\0\0\x03\x03\0\0\x06\x64\x01\0\x40\x02\0\0\x0d\x03\0\0\x5c\x03\
\0\0\x23\x50\x01\0\x50\x02\0\0\x0d\x03\0\0\xa4\x03\0\0\x28\x88\x01\0\x58\x02\0\
\0\x6e\x01\0\0\xc4\x01\0\0\x05\x9c\x01\0\xfc\x03\0\0\x17\0\0\0\0\0\0\0\x6e\x01\
\0\0\x10\x04\0\0\x05\xbc\x01\0\x10\0\0\0\x6e\x01\0\0\x1b\x02\0\0\x28\xcc\x01\0\
\x18\0\0\0\x6e\x01\0\0\x51\x02\0\0\x0e\x2c\x01\0\x20\0\0\0\x6e\x01\0\0\x7a\x02\
\0\0\x07\x40\x01\0\x38\0\0\0\x6e\x01\0\0\x7a\x02\0\0\x07\x40\x01\0\x40\0\0\0\
\x6e\x01\0\0\x7a\x02\0\0\x07\x40\x01\0\x48\0\0\0\x6e\x01\0\0\x7a\x02\0\0\x07\
\x40\x01\0\x60\0\0\0\x6e\x01\0\0\x7a\x02\0\0\x07\x40\x01\0\x68\0\0\0\x6e\x01\0\
\0\x7a\x02\0\0\x07\x40\x01\0\x98\0\0\0\x6e\x01\0\0\x7a\x02\0\0\x07\x40\x01\0\
\xa0\0\0\0\x6e\x01\0\0\x7a\x02\0\0\x07\x40\x01\0\xb8\0\0\0\x6e\x01\0\0\x7a\x02\
\0\0\x06\x40\x01\0\xc0\0\0\0\x6e\x01\0\0\x9a\x02\0\0\x02\xdc\0\0\xd8\x01\0\0\
\x6e\x01\0\0\xaa\x02\0\0\x0e\x54\x01\0\xf0\x01\0\0\x6e\x01\0\0\xaa\x02\0\0\x0c\
\x54\x01\0\xf8\x01\0\0\x6e\x01\0\0\xaa\x02\0\0\x16\x54\x01\0\0\x02\0\0\x6e\x01\
\0\0\xaa\x02\0\0\x06\x54\x01\0\x18\x02\0\0\x6e\x01\0\0\xc6\x02\0\0\x08\x58\x01\
\0\x30\x02\0\0\x6e\x01\0\0\xf8\x02\0\0\x06\x5c\x01\0\x38\x02\0\0\x6e\x01\0\0\
\x03\x03\0\0\x06\x64\x01\0\x40\x02\0\0\x0d\x03\0\0\x5c\x03\0\0\x23\x50\x01\0\
\x50\x02\0\0\x0d\x03\0\0\xa4\x03\0\0\x28\x88\x01\0\x58\x02\0\0\x6e\x01\0\0\x10\
\x04\0\0\x05\xbc\x01\0\x62\x04\0\0\x16\0\0\0\0\0\0\0\x6e\x01\0\0\x7c\x04\0\0\
\x05\xdc\x01\0\x20\0\0\0\x6e\x01\0\0\x51\x02\0\0\x0e\xe8\x01\0\x28\0\0\0\x6e\
\x01\0\0\xc4\x04\0\0\x06\xf8\x01\0\x40\0\0\0\x6e\x01\0\0\xc4\x04\0\0\x14\xf8\
\x01\0\x60\0\0\0\x6e\x01\0\0\xf3\x04\0\0\x11\x04\x02\0\x78\0\0\0\x6e\x01\0\0\
\xf3\x04\0\0\x0f\x04\x02\0\x80\0\0\0\x6e\x01\0\0\xf3\x04\0\0\x19\x04\x02\0\x88\
\0\0\0\x6e\x01\0\0\xf3\x04\0\0\x06\x04\x02\0\xa0\0\0\0\x6e\x01\0\0\x12\x05\0\0\
\x08\x08\x02\0\xb8\0\0\0\x6e\x01\0\0\xf8\x02\0\0\x06\x0c\x02\0\xc0\0\0\0\x6e\
\x01\0\0\x7c\x04\0\0\x05\xdc\x01\0\xe0\0\0\0\x0d\x03\0\0\x5c\x03\0\0\x23\x50\
\x01\0\xe8\0\0\0\x6e\x01\0\0\x49\x05\0\0\x02\x14\x02\0\xf0\0\0\0\x0d\x03\0\0\
\xa4\x03\0\0\x28\x88\x01\0\xf8\0\0\0\x0d\x03\0\0\x5c\x03\0\0\x23\x50\x01\0\0\
\x01\0\0\x6e\x01\0\0\x72\x05\0\0\x02\x18\x02\0\x08\x01\0\0\x0d\x03\0\0\xa4\x03\
\0\0\x28\x88\x01\0\x10\x01\0\0\x6e\x01\0\0\x95\x05\0\0\x06\x20\x02\0\x18\x01\0\
\0\x0d\x03\0\0\x5c\x03\0\0\x23\x50\x01\0\x20\x01\0\0\x6e\x01\0\0\xa9\x05\0\0\
\x03\x24\x02\0\x28\x01\0\0\x0d\x03\0\0\xa4\x03\0\0\x28\x88\x01\0\x30\x01\0\0\
\x6e\x01\0\0\x7c\x04\0\0\x05\xdc\x01\0\xda\x05\0\0\x2f\0\0\0\0\0\0\0\x6e\x01\0\
\0\xf4\x05\0\0\x05\x4c\x02\0\x20\0\0\0\x6e\x01\0\0\xc4\x04\0\0\x06\x64\x02\0\
\x38\0\0\0\x6e\x01\0\0\xc4\x04\0\0\x14\x64\x02\0\x60\0\0\0\x6e\x01\0\0\x3c\x06\
\0\0\x08\x70\x02\0\x68\0\0\0\x6e\x01\0\0\x3c\x06\0\0\x06\x70\x02\0\x80\0\0\0\
\x6e\x01\0\0\x5f\x06\0\0\x08\x74\x02\0\x98\0\0\0\x6e\x01\0\0\xf8\x02\0\0\x06\
\x78\x02\0\xa0\0\0\0\x6e\x01\0\0\xf4\x05\0\0\x05\x4c\x02\0\xd0\0\0\0\x0d\x03\0\
\0\x5c\x03\0\0\x23\x50\x01\0\xd8\0\0\0\x6e\x01\0\0\x49\x05\0\0\x02\x80\x02\0\
\xe0\0\0\0\x0d\x03\0\0\xa4\x03\0\0\x28\x88\x01\0\xe8\0\0\0\x0d\x03\0\0\x5c\x03\
\0\0\x23\x50\x01\0\xf0\0\0\0\x6e\x01\0\0\x72\x05\0\0\x02\x84\x02\0\xf8\0\0\0\
\x0d\x03\0\0\xa4\x03\0\0\x28\x88\x01\0\0\x01\0\0\x0d\x03\0\0\x5c\x03\0\0\x23\
\x50\x01\0\x08\x01\0\0\x6e\x01\0\0\xbe\x06\0\0\x02\x88\x02\0\x18\x01\0\0\x0d\
\x03\0\0\xa4\x03\0\0\x28\x88\x01\0\x20\x01\0\0\x0d\x03\0\0\x5c\x03\0\0\x23\x50\
\x01\0\x28\x01\0\0\x6e\x01\0\0\xf0\x06\0\0\x02\x8c\x02\0\x38\x01\0\0\x0d\x03\0\
\0\xa4\x03\0\0\x28\x88\x01\0\x40\x01\0\0\x0d\x03\0\0\x5c\x03\0\0\x23\x50\x01\0\
\x48\x01\0\0\x6e\x01\0\0\x1e\x07\0\0\x02\x90\x02\0\x58\x01\0\0\x0d\x03\0\0\xa4\
\x03\0\0\x28\x88\x01\0\x60\x01\0\0\x6e\x01\0\0\x54\x07\0\0\x06\x98\x02\0\x68\
\x01\0\0\x0d\x03\0\0\x5c\x03\0\0\x23\x50\x01\0\x70\x01\0\0\x6e\x01\0\0\xa9\x05\
\0\0\x03\x9c\x02\0\x78\x01\0\0\x0d\x03\0\0\xa4\x03\0\0\x28\x88\x01\0\x80\x01\0\
\0\x6e\x01\0\0\xf4\x05\0\0\x05\x4c\x02\0\x90\x01\0\0\x6e\x01\0\0\x75\x07\0\0\
\x05\xb0\x02\0\xa8\x01\0\0\x6e\x01\0\0\xc4\x04\0\0\x06\xc8\x02\0\xc0\x01\0\0\
\x6e\x01\0\0\xc4\x04\0\0\x14\xc8\x02\0\xe8\x01\0\0\x6e\x01\0\0\x3c\x06\0\0\x08\
\xd4\x02\0\xf0\x01\0\0\x6e\x01\0\0\x3c\x06\0\0\x06\xd4\x02\0\x08\x02\0\0\x6e\
\x01\0\0\x5f\x06\0\0\x08\xd8\x02\0\x20\x02\0\0\x6e\x01\0\0\xf8\x02\0\0\x06\xdc\
\x02\0\x28\x02\0\0\x6e\x01\0\0\x75\x07\0\0\x05\xb0\x02\0\x58\x02\0\0\x0d\x03\0\
\0\x5c\x03\0\0\x23\x50\x01\0\x60\x02\0\0\x6e\x01\0\0\x49\x05\0\0\x02\xe4\x02\0\
\x68\x02\0\0\x0d\x03\0\0\xa4\x03\0\0\x28\x88\x01\0\x70\x02\0\0\x0d\x03\0\0\x5c\
\x03\0\0\x23\x50\x01\0\x78\x02\0\0\x6e\x01\0\0\x72\x05\0\0\x02\xe8\x02\0\x80\
\x02\0\0\x0d\x03\0\0\xa4\x03\0\0\x28\x88\x01\0\x88\x02\0\0\x6e\x01\0\0\x54\x07\
\0\0\x06\xf0\x02\0\x90\x02\0\0\x0d\x03\0\0\x5c\x03\0\0\x23\x50\x01\0\x98\x02\0\
\0\x6e\x01\0\0\xa9\x05\0\0\x03\xf4\x02\0\xa0\x02\0\0\x0d\x03\0\0\xa4\x03\0\0\
\x28\x88\x01\0\xa8\x02\0\0\x6e\x01\0\0\x75\x07\0\0\x05\xb0\x02\0\xcd\x07\0\0\
\x20\0\0\0\0\0\0\0\x6e\x01\0\0\xe2\x07\0\0\x05\x08\x03\0\x10\0\0\0\x6e\x01\0\0\
\x51\x02\0\0\x0e\x14\x03\0\x18\0\0\0\x6e\x01\0\0\x1f\x08\0\0\x07\x24\x03\0\x30\
\0\0\0\x6e\x01\0\0\x1f\x08\0\0\x07\x24\x03\0\x38\0\0\0\x6e\x01\0\0\x1f\x08\0\0\
\x07\x24\x03\0\x40\0\0\0\x6e\x01\0\0\x1f\x08\0\0\x07\x24\x03\0\x60\0\0\0\x6e\
\x01\0\0\x1f\x08\0\0\x07\x24\x03\0\x68\0\0\0\x6e\x01\0\0\x1f\x08\0\0\x07\x24\
\x03\0\x98\0\0\0\x6e\x01\0\0\x1f\x08\0\0\x07\x24\x03\0\xa0\0\0\0\x6e\x01\0\0\
\x1f\x08\0\0\x07\x24\x03\0\xb8\0\0\0\x6e\x01\0\0\x1f\x08\0\0\x06\x24\x03\0\xc0\
\0\0\0\x6e\x01\0\0\x47\x08\0\0\x07\x2c\x03\0\xd8\0\0\0\x6e\x01\0\0\x47\x08\0\0\
\x07\x2c\x03\0\xe0\0\0\0\x6e\x01\0\0\x47\x08\0\0\x07\x2c\x03\0\xe8\0\0\0\x6e\
\x01\0\0\x47\x08\0\0\x07\x2c\x03\0\x08\x01\0\0\x6e\x01\0\0\x47\x08\0\0\x07\x2c\
\x03\0\x10\x01\0\0\x6e\x01\0\0\x47\x08\0\0\x07\x2c\x03\0\x40\x01\0\0\x6e\x01\0\
\0\x47\x08\0\0\x07\x2c\x03\0\x48\x01\0\0\x6e\x01\0\0\x47\x08\0\0\x07\x2c\x03\0\
\x60\x01\0\0\x6e\x01\0\0\x47\x08\0\0\x06\x2c\x03\0\x68\x01\0\0\x6e\x01\0\0\xe2\
\x07\0\0\x05\x08\x03\0\x80\x01\0\0\x6e\x01\0\0\x6d\x08\0\0\x06\x38\x03\0\x90\
\x01\0\0\x6e\x01\0\0\xaa\x02\0\0\x0e\x44\x03\0\xa8\x01\0\0\x6e\x01\0\0\xaa\x02\
\0\0\x0c\x44\x03\0\xb0\x01\0\0\x6e\x01\0\0\xaa\x02\0\0\x16\x44\x03\0\xb8\x01\0\
\0\x6e\x01\0\0\xaa\x02\0\0\x06\x44\x03\0\xd0\x01\0\0\x6e\x01\0\0\x86\x08\0\0\
\x08\x48\x03\0\xe8\x01\0\0\x6e\x01\0\0\xf8\x02\0\0\x06\x4c\x03\0\xf0\x01\0\0\
\x0d\x03\0\0\x5c\x03\0\0\x23\x50\x01\0\xf8\x01\0\0\x6e\x01\0\0\xb8\x08\0\0\x02\
\x54\x03\0\0\x02\0\0\x0d\x03\0\0\xa4\x03\0\0\x28\x88\x01\0\x08\x02\0\0\x6e\x01\
\0\0\xe2\x07\0\0\x05\x08\x03\0\xe7\x08\0\0\x55\0\0\0\0\0\0\0\x6e\x01\0\0\xfe\
\x08\0\0\x05\x6c\x03\0\x28\0\0\0\x6e\x01\0\0\x42\x09\0\0\x14\x8c\x03\0\x30\0\0\
\0\x6e\x01\0\0\x5e\x09\0\0\x15\x88\x03\0\x38\0\0\0\x6e\x01\0\0\x7b\x09\0\0\x07\
\x94\x03\0\x50\0\0\0\x6e\x01\0\0\x7b\x09\0\0\x07\x94\x03\0\x58\0\0\0\x6e\x01\0\
\0\x7b\x09\0\0\x07\x94\x03\0\x60\0\0\0\x6e\x01\0\0\x7b\x09\0\0\x07\x94\x03\0\
\x78\0\0\0\x6e\x01\0\0\x7b\x09\0\0\x07\x94\x03\0\x80\0\0\0\x6e\x01\0\0\x7b\x09\
\0\0\x07\x94\x03\0\xb0\0\0\0\x6e\x01\0\0\x7b\x09\0\0\x07\x94\x03\0\xb8\0\0\0\
\x6e\x01\0\0\x7b\x09\0\0\x07\x94\x03\0\xd0\0\0\0\x6e\x01\0\0\x7b\x09\0\0\x06\
\x94\x03\0\xd8\0\0\0\x6e\x01\0\0\x9d\x09\0\0\x07\x9c\x03\0\xf0\0\0\0\x6e\x01\0\
\0\x9d\x09\0\0\x07\x9c\x03\0\xf8\0\0\0\x6e\x01\0\0\x9d\x09\0\0\x07\x9c\x03\0\0\
\x01\0\0\x6e\x01\0\0\x9d\x09\0\0\x07\x9c\x03\0\x18\x01\0\0\x6e\x01\0\0\x9d\x09\
\0\0\x07\x9c\x03\0\x20\x01\0\0\x6e\x01\0\0\x9d\x09\0\0\x07\x9c\x03\0\x50\x01\0\
\0\x6e\x01\0\0\x9d\x09\0\0\x07\x9c\x03\0\x58\x01\0\0\x6e\x01\0\0\x9d\x09\0\0\
\x07\x9c\x03\0\x70\x01\0\0\x6e\x01\0\0\x9d\x09\0\0\x06\x9c\x03\0\x78\x01\0\0\
\x6e\x01\0\0\x3c\x06\0\0\x08\xa8\x03\0\x80\x01\0\0\x6e\x01\0\0\x3c\x06\0\0\x06\
\xa8\x03\0\x98\x01\0\0\x6e\x01\0\0\xbe\x09\0\0\x08\xac\x03\0\xb0\x01\0\0\x6e\
\x01\0\0\xf8\x02\0\0\x06\xb0\x03\0\xc8\x01\0\0\x6e\x01\0\0\xf2\x09\0\0\x02\xb8\
\x03\0\xd8\x01\0\0\x0d\x03\0\0\x5c\x03\0\0\x23\x50\x01\0\xe0\x01\0\0\x6e\x01\0\
\0\xf2\x09\0\0\x02\xb8\x03\0\xe8\x01\0\0\x0d\x03\0\0\xa4\x03\0\0\x28\x88\x01\0\
\xf0\x01\0\0\x6e\x01\0\0\x72\x05\0\0\x02\xbc\x03\0\x08\x02\0\0\x0d\x03\0\0\x5c\
\x03\0\0\x23\x50\x01\0\x10\x02\0\0\x6e\x01\0\0\x72\x05\0\0\x02\xbc\x03\0\x18\
\x02\0\0\x0d\x03\0\0\xa4\x03\0\0\x28\x88\x01\0\x20\x02\0\0\x0d\x03\0\0\x5c\x03\
\0\0\x23\x50\x01\0\x28\x02\0\0\x6e\x01\0\0\x16\x0a\0\0\x02\xc4\x03\0\x30\x02\0\
\0\x0d\x03\0\0\xa4\x03\0\0\x28\x88\x01\0\x50\x02\0\0\x6e\x01\0\0\x2f\x0a\0\0\
\x0a\xd0\x03\0\x60\x02\0\0\x0d\x03\0\0\x5c\x03\0\0\x23\x50\x01\0\x68\x02\0\0\
\x6e\x01\0\0\xa9\x05\0\0\x03\xd4\x03\0\x70\x02\0\0\x0d\x03\0\0\xa4\x03\0\0\x28\
\x88\x01\0\x78\x02\0\0\x6e\x01\0\0\xfe\x08\0\0\x05\x6c\x03\0\x88\x02\0\0\x6e\
\x01\0\0\x5f\x0a\0\0\x05\xe8\x03\0\xb8\x02\0\0\x6e\x01\0\0\xa9\x0a\0\0\x11\xf4\
\x03\0\xf8\x02\0\0\x6e\x01\0\0\x42\x09\0\0\x14\x0c\x04\0\x10\x03\0\0\x6e\x01\0\
\0\xc5\x0a\0\0\x08\x10\x04\0\x18\x03\0\0\x6e\x01\0\0\xd4\x0a\0\0\x0c\x14\x04\0\
\x28\x03\0\0\x6e\x01\0\0\xd4\x0a\0\0\x12\x14\x04\0\x30\x03\0\0\x6e\x01\0\0\xd4\
\x0a\0\0\x06\x14\x04\0\x38\x03\0\0\x6e\x01\0\0\x7b\x09\0\0\x07\x1c\x04\0\x50\
\x03\0\0\x6e\x01\0\0\x7b\x09\0\0\x07\x1c\x04\0\x58\x03\0\0\x6e\x01\0\0\x7b\x09\
\0\0\x07\x1c\x04\0\x60\x03\0\0\x6e\x01\0\0\x7b\x09\0\0\x07\x1c\x04\0\x78\x03\0\
\0\x6e\x01\0\0\x7b\x09\0\0\x07\x1c\x04\0\x80\x03\0\0\x6e\x01\0\0\x7b\x09\0\0\
\x07\x1c\x04\0\xb0\x03\0\0\x6e\x01\0\0\x7b\x09\0\0\x07\x1c\x04\0\xb8\x03\0\0\
\x6e\x01\0\0\x7b\x09\0\0\x07\x1c\x04\0\xd0\x03\0\0\x6e\x01\0\0\x7b\x09\0\0\x06\
\x1c\x04\0\xd8\x03\0\0\x6e\x01\0\0\x9d\x09\0\0\x07\x24\x04\0\xf0\x03\0\0\x6e\
\x01\0\0\x9d\x09\0\0\x07\x24\x04\0\xf8\x03\0\0\x6e\x01\0\0\x9d\x09\0\0\x07\x24\
\x04\0\x10\x04\0\0\x6e\x01\0\0\x9d\x09\0\0\x07\x24\x04\0\x28\x04\0\0\x6e\x01\0\
\0\x9d\x09\0\0\x07\x24\x04\0\x30\x04\0\0\x6e\x01\0\0\x9d\x09\0\0\x07\x24\x04\0\
\x60\x04\0\0\x6e\x01\0\0\x9d\x09\0\0\x07\x24\x04\0\x68\x04\0\0\x6e\x01\0\0\x9d\
\x09\0\0\x07\x24\x04\0\x80\x04\0\0\x6e\x01\0\0\x9d\x09\0\0\x06\x24\x04\0\xa8\
\x04\0\0\x6e\x01\0\0\xf0\x0a\0\0\x02\x30\x04\0\xd0\x04\0\0\x6e\x01\0\0\x39\x0b\
\0\0\x08\x34\x04\0\xf0\x04\0\0\x6e\x01\0\0\xf8\x02\0\0\x06\x38\x04\0\x08\x05\0\
\0\x6e\x01\0\0\xf2\x09\0\0\x02\x44\x04\0\x18\x05\0\0\x0d\x03\0\0\x5c\x03\0\0\
\x23\x50\x01\0\x20\x05\0\0\x6e\x01\0\0\xf2\x09\0\0\x02\x44\x04\0\x28\x05\0\0\
\x0d\x03\0\0\xa4\x03\0\0\x28\x88\x01\0\x30\x05\0\0\x6e\x01\0\0\x72\x05\0\0\x02\
\x48\x04\0\x48\x05\0\0\x0d\x03\0\0\x5c\x03\0\0\x23\x50\x01\0\x50\x05\0\0\x6e\
\x01\0\0\x72\x05\0\0\x02\x48\x04\0\x58\x05\0\0\x0d\x03\0\0\xa4\x03\0\0\x28\x88\
\x01\0\x60\x05\0\0\x0d\x03\0\0\x5c\x03\0\0\x23\x50\x01\0\x68\x05\0\0\x6e\x01\0\
\0\x16\x0a\0\0\x02\x4c\x04\0\x70\x05\0\0\x0d\x03\0\0\xa4\x03\0\0\x28\x88\x01\0\
\x90\x05\0\0\x6e\x01\0\0\x2f\x0a\0\0\x0a\x50\x04\0\xa0\x05\0\0\x0d\x03\0\0\x5c\
\x03\0\0\x23\x50\x01\0\xa8\x05\0\0\x6e\x01\0\0\xa9\x05\0\0\x03\x54\x04\0\xb0\
\x05\0\0\x0d\x03\0\0\xa4\x03\0\0\x28\x88\x01\0\xb8\x05\0\0\x6e\x01\0\0\x5f\x0a\
\0\0\x05\xe8\x03\0\x10\0\0\0\x56\x01\0\0\x01\0\0\0\x10\0\0\0\x21\0\0\0\x17\x02\
\0\0\0\0\0\0\xfc\x03\0\0\x01\0\0\0\x10\0\0\0\x21\0\0\0\x17\x02\0\0\0\0\0\0\xda\
\x05\0\0\x03\0\0\0\x08\x01\0\0\x28\0\0\0\xba\x06\0\0\0\0\0\0\x28\x01\0\0\x28\0\
\0\0\xec\x06\0\0\0\0\0\0\x48\x01\0\0\x28\0\0\0\x17\x02\0\0\0\0\0\0\xcd\x07\0\0\
\x02\0\0\0\x48\0\0\0\x21\0\0\0\x17\x02\0\0\0\0\0\0\xf0\0\0\0\x21\0\0\0\x17\x02\
\0\0\0\0\0\0\xe7\x08\0\0\x04\0\0\0\x28\0\0\0\x21\0\0\0\x17\x02\0\0\0\0\0\0\x30\
\0\0\0\x21\0\0\0\x17\x02\0\0\0\0\0\0\xf8\x02\0\0\x21\0\0\0\x17\x02\0\0\0\0\0\0\
\x10\x03\0\0\x21\0\0\0\x17\x02\0\0\0\0\0\0\x0c\0\0\0\xff\xff\xff\xff\x04\0\x08\
\0\x08\x7c\x0b\0\x14\0\0\0\0\0\0\0\0\0\0\0\0\0\0\0\x68\x02\0\0\0\0\0\0\x14\0\0\
\0\0\0\0\0\0\0\0\0\0\0\0\0\x68\x02\0\0\0\0\0\0\x14\0\0\0\0\0\0\0\0\0\0\0\0\0\0\
\0\x40\x01\0\0\0\0\0\0\x14\0\0\0\0\0\0\0\0\0\0\0\0\0\0\0\x90\x01\0\0\0\0\0\0\
\x14\0\0\0\0\0\0\0\x90\x01\0\0\0\0\0\0\x28\x01\0\0\0\0\0\0\x14\0\0\0\0\0\0\0\0\
\0\0\0\0\0\0\0\x18\x02\0\0\0\0\0\0\x14\0\0\0\0\0\0\0\0\0\0\0\0\0\0\0\x88\x02\0\
\0\0\0\0\0\x14\0\0\0\0\0\0\0\x88\x02\0\0\0\0\0\0\x40\x03\0\0\0\0\0\0\x4b\x06\0\
\0\x05\0\x08\0\xf7\0\0\0\x08\x01\x01\xfb\x0e\x0d\0\x01\x01\x01\x01\0\0\0\x01\0\
\0\x01\x01\x01\x1f\x07\0\0\0\0\x28\0\0\0\x3e\0\0\0\x64\0\0\0\x7d\0\0\0\x8e\0\0\
\0\xa6\0\0\0\x03\x01\x1f\x02\x0f\x05\x1e\x09\xbc\0\0\0\0\x4d\xea\x2a\x68\x6d\
\x27\x3f\xc1\x8b\x90\xd0\xde\x68\x0e\x55\xee\xce\0\0\0\x01\x20\x96\xbe\x4c\x9c\
\xb4\xc6\x51\x6b\x07\x37\x9e\xee\x36\xb6\x92\xe6\0\0\0\x01\xf6\x80\xa8\x74\xb9\
\x7f\xbf\x14\xe3\xfc\x9e\xd7\xf1\xa3\x12\x11\xf7\0\0\0\x02\x2c\x44\xe8\x21\xa2\
\xb1\x95\x1c\xde\x2e\xb0\xfb\x2e\x65\x68\x67\x09\x01\0\0\x01\x96\x9d\x89\x18\
\xfa\x30\x7e\x1f\xb4\xdd\xbf\xf9\x12\x04\x64\x25\x1d\x01\0\0\x03\xb8\x10\xf2\
\x70\x73\x3e\x10\x63\x19\xb6\x7e\xf5\x12\xc6\x24\x6e\x28\x01\0\0\x04\x65\xe4\
\xdc\x8e\x31\x21\xf9\x1a\x5c\x2c\x9e\xb8\x56\x3c\x56\x92\x3a\x01\0\0\x05\x19\
\xe7\xa2\x78\xdd\x5e\x69\xad\xb0\x87\xc4\x19\x97\x7e\x86\xe0\x40\x01\0\0\x06\
\x0e\xca\x27\x36\x9e\x78\xbb\x57\xf0\xef\xa8\xf0\x77\xa3\x05\x99\x05\x05\x0a\0\
\x09\x02\0\0\0\0\0\0\0\0\x03\xe6\0\x01\x05\x28\x32\x05\x0e\x03\x60\x20\x05\x07\
\x25\x06\x3c\x20\x20\x03\xb0\x7f\x2e\x03\xd0\0\x20\x20\x66\x20\x05\x06\x3c\x05\
\x02\x06\x03\x67\x20\x06\x03\x49\x74\x03\x37\x2e\x03\x49\x20\x03\x37\x2e\x03\
\x49\x2e\x03\x37\x4a\x03\x49\x20\x03\x37\x2e\x03\x49\x20\x03\x37\x2e\x03\x49\
\x20\x05\x0e\x06\x03\xd5\0\x9e\x05\x0c\x06\x3c\x05\x16\x20\x05\x06\x20\x05\x08\
\x06\x3d\x05\x06\x3d\x22\x04\x02\x05\x23\x1b\x04\x01\x05\0\x06\x03\xac\x7f\x20\
\x04\x02\x05\x28\x06\x03\xe2\0\x20\x04\x01\x05\x05\x25\x02\x02\0\x01\x01\x05\
\x05\x0a\0\x09\x02\0\0\0\0\0\0\0\0\x03\xee\0\x01\x05\x28\x32\x05\x0e\x03\x58\
\x20\x05\x07\x25\x06\x3c\x20\x20\x03\xb0\x7f\x2e\x03\xd0\0\x20\x20\x66\x20\x05\
\x06\x3c\x05\x02\x06\x03\x67\x20\x06\x03\x49\x74\x03\x37\x2e\x03\x49\x20\x03\
\x37\x2e\x03\x49\x2e\x03\x37\x4a\x03\x49\x20\x03\x37\x2e\x03\x49\x20\x03\x37\
\x2e\x03\x49\x20\x05\x0e\x06\x03\xd5\0\x9e\x05\x0c\x06\x3c\x05\x16\x20\x05\x06\
\x20\x05\x08\x06\x3d\x05\x06\x3d\x22\x04\x02\x05\x23\x1b\x04\x01\x05\0\x06\x03\
\xac\x7f\x20\x04\x02\x05\x28\x06\x03\xe2\0\x20\x04\x01\x05\x05\x03\x0d\x20\x02\
\x02\0\x01\x01\x05\x05\x0a\0\x09\x02\0\0\0\0\0\0\0\0\x03\xf6\0\x01\x05\x0e\x4d\
\x05\x06\x24\x05\x14\x06\x3c\x03\x82\x7f\x20\x03\xfe\0\x2e\x05\x11\x06\x23\x05\
\x0f\x06\x3c\x05\x19\x20\x05\x06\x20\x05\x08\x06\x3d\x05\x06\x3d\x05\x05\x03\
\x74\x20\x04\x02\x05\x23\x03\x5d\x4a\x04\x01\x05\x02\x03\x31\x20\x04\x02\x05\
\x28\x03\x5d\x20\x05\x23\x03\x72\x20\x04\x01\x05\x02\x03\x32\x20\x04\x02\x05\
\x28\x03\x5c\x20\x04\x01\x05\x06\x03\x26\x20\x04\x02\x05\x23\x03\x4c\x20\x04\
\x01\x05\x03\x03\x35\x20\x04\x02\x05\x28\x03\x59\x20\x04\x01\x05\x05\x03\x15\
\x20\x02\x02\0\x01\x01\x05\x05\x0a\0\x09\x02\0\0\0\0\0\0\0\0\x03\x92\x01\x01\
\x05\x06\x50\x05\x14\x06\x3c\x03\xe7\x7e\x20\x03\x99\x01\x3c\x05\x08\x06\x23\
\x05\x06\x06\x20\x05\x08\x06\x3d\x05\x06\x3d\x05\x05\x03\x75\x20\x04\x02\x05\
\x23\x03\x41\x66\x04\x01\x05\x02\x03\xcc\0\x20\x04\x02\x05\x28\x03\x42\x20\x05\
\x23\x03\x72\x20\x04\x01\x05\x02\x03\xcd\0\x20\x04\x02\x05\x28\x03\x41\x20\x05\
\x23\x03\x72\x20\x04\x01\x05\x02\x03\xce\0\x20\x04\x02\x05\x28\x03\x40\x2e\x05\
\x23\x03\x72\x20\x04\x01\x05\x02\x03\xcf\0\x20\x04\x02\x05\x28\x03\xbf\x7f\x2e\
\x05\x23\x03\x72\x20\x04\x01\x05\x02\x03\xd0\0\x20\x04\x02\x05\x28\x03\xbe\x7f\
\x2e\x04\x01\x05\x06\x03\xc4\0\x20\x04\x02\x05\x23\x03\xae\x7f\x20\x04\x01\x05\
\x03\x03\xd3\0\x20\x04\x02\x05\x28\x03\xbb\x7f\x20\x04\x01\x05\x05\x03\x31\x20\
\x0a\x03\x19\x2e\x05\x06\x42\x05\x14\x06\x3c\x03\xce\x7e\x20\x03\xb2\x01\x3c\
\x05\x08\x06\x23\x05\x06\x06\x20\x05\x08\x06\x3d\x05\x06\x3d\x05\x05\x03\x75\
\x20\x04\x02\x05\x23\x03\xa8\x7f\x66\x04\x01\x05\x02\x03\xe5\0\x20\x04\x02\x05\
\x28\x03\xa9\x7f\x20\x05\x23\x03\x72\x20\x04\x01\x05\x02\x03\xe6\0\x20\x04\x02\
\x05\x28\x03\xa8\x7f\x20\x04\x01\x05\x06\x03\xda\0\x20\x04\x02\x05\x23\x03\x98\
\x7f\x20\x04\x01\x05\x03\x03\xe9\0\x20\x04\x02\x05\x28\x03\xa5\x7f\x20\x04\x01\
\x05\x05\x03\xca\0\x20\x02\x02\0\x01\x01\x05\x05\x0a\0\x09\x02\0\0\0\0\0\0\0\0\
\x03\xc1\x01\x01\x05\x0e\x31\x05\x07\x24\x06\x3c\x20\x20\x03\xb7\x7e\x3c\x03\
\xc9\x01\x20\x20\x66\x20\x05\x06\x3c\x05\x07\x06\x22\x06\x3c\x20\x20\x03\xb5\
\x7e\x3c\x03\xcb\x01\x20\x20\x66\x20\x05\x06\x3c\x05\x05\x06\x03\x77\x20\x05\
\x06\x03\x0c\x3c\x06\x03\xb2\x7e\x20\x05\x0e\x06\x03\xd1\x01\x20\x05\x0c\x06\
\x3c\x05\x16\x20\x05\x06\x20\x05\x08\x06\x3d\x05\x06\x3d\x04\x02\x05\x23\x03\
\x81\x7f\x20\x04\x01\x05\x02\x03\x81\x01\x20\x04\x02\x05\x28\x03\x8d\x7f\x20\
\x04\x01\x05\x05\x03\xe0\0\x20\x02\x02\0\x01\x01\x05\x05\x0a\0\x09\x02\0\0\0\0\
\0\0\0\0\x03\xda\x01\x01\x05\x14\x60\x05\x15\x1f\x05\x07\x23\x06\x3c\x20\x20\
\x03\x9b\x7e\x2e\x03\xe5\x01\x20\x20\x66\x20\x05\x06\x3c\x05\x07\x06\x22\x06\
\x3c\x20\x20\x03\x99\x7e\x2e\x03\xe7\x01\x20\x20\x66\x20\x05\x06\x3c\x05\x08\
\x06\x23\x05\x06\x06\x20\x05\x08\x06\x3d\x05\x06\x3d\x05\0\x06\x03\x94\x7e\x20\
\x05\x02\x06\x03\xee\x01\x2e\x04\x02\x05\x23\x03\xe6\x7e\x2e\x04\x01\x05\x02\
\x03\x9a\x01\x20\x04\x02\x05\x28\x03\xf4\x7e\x20\x04\x01\x05\x02\x03\x8d\x01\
\x20\x04\x02\x05\x23\x03\xe5\x7e\x3c\x04\x01\x05\x02\x03\x9b\x01\x20\x04\x02\
\x05\x28\x03\xf3\x7e\x20\x05\x23\x03\x72\x20\x04\x01\x05\x02\x03\x9d\x01\x20\
\x04\x02\x05\x28\x03\xf1\x7e\x20\x06\x03\x9e\x7f\x3c\x04\x01\x05\x0a\x06\x03\
\xf4\x01\x20\x04\x02\x05\x23\x03\xe0\x7e\x2e\x04\x01\x05\x03\x03\xa1\x01\x20\
\x04\x02\x05\x28\x03\xed\x7e\x20\x04\x01\x05\x05\x03\xf9\0\x20\x0a\x03\x1f\x2e\
\x05\x11\x69\x05\x14\x88\x05\x08\x3d\x05\x0c\x21\x05\x12\x06\x2e\x05\x06\x20\
\x05\x07\x06\x22\x06\x3c\x20\x20\x03\xf9\x7d\x2e\x03\x87\x02\x20\x20\x66\x20\
\x05\x06\x3c\x05\x07\x06\x22\x06\x3c\x20\x05\0\x03\xf7\x7d\x20\x05\x07\x03\x89\
\x02\x2e\x03\xf7\x7d\x2e\x03\x89\x02\x20\x20\x66\x20\x05\x06\x3c\x03\xf7\x7d\
\x20\x05\x02\x06\x03\x8c\x02\x4a\x05\x08\x59\x05\x06\x4b\x05\0\x06\x03\xf2\x7d\
\x20\x05\x02\x06\x03\x91\x02\x2e\x04\x02\x05\x23\x03\xc3\x7e\x2e\x04\x01\x05\
\x02\x03\xbd\x01\x20\x04\x02\x05\x28\x03\xd1\x7e\x20\x04\x01\x05\x02\x03\xb0\
\x01\x20\x04\x02\x05\x23\x03\xc2\x7e\x3c\x04\x01\x05\x02\x03\xbe\x01\x20\x04\
\x02\x05\x28\x03\xd0\x7e\x20\x05\x23\x03\x72\x20\x04\x01\x05\x02\x03\xbf\x01\
\x20\x04\x02\x05\x28\x03\xcf\x7e\x20\x06\x03\x9e\x7f\x3c\x04\x01\x05\x0a\x06\
\x03\x94\x02\x20\x04\x02\x05\x23\x03\xc0\x7e\x2e\x04\x01\x05\x03\x03\xc1\x01\
\x20\x04\x02\x05\x28\x03\xcd\x7e\x20\x04\x01\x05\x05\x03\x98\x01\x20\x02\x02\0\
\x01\x01\x2f\x68\x6f\x6d\x65\x2f\x74\x75\x75\x6e\x61\x2e\x6c\x69\x6e\x75\x78\
\x2f\x78\x64\x70\x2d\x74\x6f\x6f\x6c\x73\x2f\x78\x64\x70\x2d\x6d\x6f\x6e\x69\
\x74\x6f\x72\0\x2e\x2e\x2f\x6c\x69\x62\x2f\x2e\x2e\x2f\x68\x65\x61\x64\x65\x72\
\x73\x2f\x78\x64\x70\0\x2f\x75\x73\x72\x2f\x6c\x69\x62\x2f\x6c\x6c\x76\x6d\x2d\
\x31\x39\x2f\x6c\x69\x62\x2f\x63\x6c\x61\x6e\x67\x2f\x31\x39\x2f\x69\x6e\x63\
\x6c\x75\x64\x65\0\x2f\x75\x73\x72\x2f\x69\x6e\x63\x6c\x75\x64\x65\x2f\x61\x73\
\x6d\x2d\x67\x65\x6e\x65\x72\x69\x63\0\x2f\x75\x73\x72\x2f\x69\x6e\x63\x6c\x75\
\x64\x65\x2f\x62\x70\x66\0\x2e\x2e\x2f\x6c\x69\x62\x2f\x2e\x2e\x2f\x68\x65\x61\
\x64\x65\x72\x73\x2f\x6c\x69\x6e\x75\x78\0\x2e\x2e\x2f\x6c\x69\x62\x2f\x2e\x2e\
\x2f\x68\x65\x61\x64\x65\x72\x73\x2f\x62\x70\x66\0\x78\x64\x70\x5f\x6d\x6f\x6e\
\x69\x74\x6f\x72\x2e\x62\x70\x66\x2e\x63\0\x78\x64\x70\x5f\x73\x61\x6d\x70\x6c\
\x65\x5f\x63\x6f\x6d\x6d\x6f\x6e\x2e\x62\x70\x66\x2e\x68\0\x78\x64\x70\x5f\x73\
\x61\x6d\x70\x6c\x65\x2e\x62\x70\x66\x2e\x68\0\x5f\x5f\x73\x74\x64\x64\x65\x66\
\x5f\x73\x69\x7a\x65\x5f\x74\x2e\x68\0\x78\x64\x70\x5f\x73\x61\x6d\x70\x6c\x65\
\x5f\x73\x68\x61\x72\x65\x64\x2e\x68\0\x69\x6e\x74\x2d\x6c\x6c\x36\x34\x2e\x68\
\0\x62\x70\x66\x5f\x68\x65\x6c\x70\x65\x72\x5f\x64\x65\x66\x73\x2e\x68\0\x62\
\x70\x66\x2e\x68\0\x76\x6d\x6c\x69\x6e\x75\x78\x2e\x68\0\0\0\0\0\0\0\0\0\0\0\0\
\0\0\0\0\0\0\0\0\0\0\0\0\0\0\0\0\0\0\0\0\xbe\x02\0\0\x04\0\xf1\xff\0\0\0\0\0\0\
\0\0\0\0\0\0\0\0\0\0\0\0\0\0\x03\0\x03\0\0\0\0\0\0\0\0\0\0\0\0\0\0\0\0\0\0\0\0\
\0\x03\0\x05\0\0\0\0\0\0\0\0\0\0\0\0\0\0\0\0\0\0\0\0\0\x03\0\x07\0\0\0\0\0\0\0\
\0\0\0\0\0\0\0\0\0\0\0\0\0\0\x03\0\x09\0\0\0\0\0\0\0\0\0\0\0\0\0\0\0\0\0\0\0\0\
\0\x03\0\x0b\0\0\0\0\0\0\0\0\0\0\0\0\0\0\0\0\0\0\0\0\0\x03\0\x0d\0\0\0\0\0\0\0\
\0\0\0\0\0\0\0\0\0\0\0\0\0\0\x03\0\x13\0\0\0\0\0\0\0\0\0\0\0\0\0\0\0\0\0\0\0\0\
\0\x03\0\x14\0\0\0\0\0\0\0\0\0\0\0\0\0\0\0\0\0\0\0\0\0\x03\0\x17\0\0\0\0\0\0\0\
\0\0\0\0\0\0\0\0\0\0\0\0\0\0\x03\0\x18\0\0\0\0\0\0\0\0\0\0\0\0\0\0\0\0\0\0\0\0\
\0\x03\0\x1a\0\0\0\0\0\0\0\0\0\0\0\0\0\0\0\0\0\0\0\0\0\x03\0\x1b\0\0\0\0\0\0\0\
\0\0\0\0\0\0\0\0\0\0\0\0\0\0\x03\0\x21\0\0\0\0\0\0\0\0\0\0\0\0\0\0\0\0\0\0\0\0\
\0\x03\0\x23\0\0\0\0\0\0\0\0\0\0\0\0\0\0\0\0\0\0\0\0\0\x03\0\x25\0\0\0\0\0\0\0\
\0\0\0\0\0\0\0\0\0\0\x53\x01\0\0\x12\0\x03\0\0\0\0\0\0\0\0\0\x68\x02\0\0\0\0\0\
\0\x05\x02\0\0\x11\0\x0f\0\x04\0\0\0\0\0\0\0\x80\0\0\0\0\0\0\0\xee\0\0\0\x11\0\
\x0f\0\0\0\0\0\0\0\0\0\x04\0\0\0\0\0\0\0\x39\0\0\0\x11\0\x12\0\x20\0\0\0\0\0\0\
\0\x20\0\0\0\0\0\0\0\xb1\0\0\0\x12\0\x05\0\0\0\0\0\0\0\0\0\x68\x02\0\0\0\0\0\0\
\x1e\x02\0\0\x12\0\x07\0\0\0\0\0\0\0\0\0\x40\x01\0\0\0\0\0\0\x7c\x02\0\0\x11\0\
\x10\0\0\0\0\0\0\0\0\0\x04\0\0\0\0\0\0\0\x5d\0\0\0\x11\0\x12\0\x40\0\0\0\0\0\0\
\0\x20\0\0\0\0\0\0\0\x8a\x02\0\0\x12\0\x09\0\0\0\0\0\0\0\0\0\x90\x01\0\0\0\0\0\
\0\x70\0\0\0\x11\0\x12\0\x60\0\0\0\0\0\0\0\x20\0\0\0\0\0\0\0\xd9\0\0\0\x12\0\
\x09\0\x90\x01\0\0\0\0\0\0\x28\x01\0\0\0\0\0\0\xa3\x01\0\0\x12\0\x0b\0\0\0\0\0\
\0\0\0\0\x18\x02\0\0\0\0\0\0\xfc\x01\0\0\x11\0\x0f\0\x84\0\0\0\0\0\0\0\x80\0\0\
\0\0\0\0\0\x4f\0\0\0\x11\0\x12\0\x80\0\0\0\0\0\0\0\x20\0\0\0\0\0\0\0\x83\0\0\0\
\x12\0\x0d\0\0\0\0\0\0\0\0\0\x88\x02\0\0\0\0\0\0\x29\0\0\0\x11\0\x12\0\xa0\0\0\
\0\0\0\0\0\x20\0\0\0\0\0\0\0\xe3\x01\0\0\x12\0\x0d\0\x88\x02\0\0\0\0\0\0\x40\
\x03\0\0\0\0\0\0\xcd\x01\0\0\x11\0\x12\0\xe0\0\0\0\0\0\0\0\x20\0\0\0\0\0\0\0\
\x52\x02\0\0\x11\0\x11\0\0\0\0\0\0\0\0\0\x04\0\0\0\0\0\0\0\x22\0\0\0\x11\0\x12\
\0\0\0\0\0\0\0\0\0\x20\0\0\0\0\0\0\0\x47\0\0\0\x11\0\x12\0\xc0\0\0\0\0\0\0\0\
\x20\0\0\0\0\0\0\0\x20\0\0\0\0\0\0\0\x01\0\0\0\x12\0\0\0\x78\0\0\0\0\0\0\0\x01\
\0\0\0\x12\0\0\0\xd8\x01\0\0\0\0\0\0\x01\0\0\0\x13\0\0\0\x18\x02\0\0\0\0\0\0\
\x01\0\0\0\x14\0\0\0\x20\0\0\0\0\0\0\0\x01\0\0\0\x12\0\0\0\x78\0\0\0\0\0\0\0\
\x01\0\0\0\x12\0\0\0\xd8\x01\0\0\0\0\0\0\x01\0\0\0\x13\0\0\0\x18\x02\0\0\0\0\0\
\0\x01\0\0\0\x14\0\0\0\x28\0\0\0\0\0\0\0\x01\0\0\0\x17\0\0\0\x60\0\0\0\0\0\0\0\
\x01\0\0\0\x13\0\0\0\xa0\0\0\0\0\0\0\0\x01\0\0\0\x18\0\0\0\x20\0\0\0\0\0\0\0\
\x01\0\0\0\x17\0\0\0\x80\0\0\0\0\0\0\0\x01\0\0\0\x1a\0\0\0\xa8\x01\0\0\0\0\0\0\
\x01\0\0\0\x17\0\0\0\x08\x02\0\0\0\0\0\0\x01\0\0\0\x1a\0\0\0\x18\0\0\0\0\0\0\0\
\x01\0\0\0\x12\0\0\0\x78\0\0\0\0\0\0\0\x01\0\0\0\x12\0\0\0\xc0\0\0\0\0\0\0\0\
\x01\0\0\0\x1d\0\0\0\x20\x01\0\0\0\0\0\0\x01\0\0\0\x1d\0\0\0\x90\x01\0\0\0\0\0\
\0\x01\0\0\0\x13\0\0\0\xd0\x01\0\0\0\0\0\0\x01\0\0\0\x1e\0\0\0\x38\0\0\0\0\0\0\
\0\x01\0\0\0\x12\0\0\0\x90\0\0\0\0\0\0\0\x01\0\0\0\x12\0\0\0\xd8\0\0\0\0\0\0\0\
\x01\0\0\0\x1d\0\0\0\x30\x01\0\0\0\0\0\0\x01\0\0\0\x1d\0\0\0\x98\x01\0\0\0\0\0\
\0\x01\0\0\0\x20\0\0\0\x38\x03\0\0\0\0\0\0\x01\0\0\0\x12\0\0\0\x90\x03\0\0\0\0\
\0\0\x01\0\0\0\x12\0\0\0\xd8\x03\0\0\0\0\0\0\x01\0\0\0\x1d\0\0\0\x40\x04\0\0\0\
\0\0\0\x01\0\0\0\x1d\0\0\0\xa8\x04\0\0\0\0\0\0\x01\0\0\0\x22\0\0\0\xd0\x04\0\0\
\0\0\0\0\x01\0\0\0\x22\0\0\0\x08\0\0\0\0\0\0\0\x03\0\0\0\x09\0\0\0\x11\0\0\0\0\
\0\0\0\x03\0\0\0\x0b\0\0\0\x15\0\0\0\0\0\0\0\x03\0\0\0\x0f\0\0\0\x23\0\0\0\0\0\
\0\0\x03\0\0\0\x0d\0\0\0\x27\0\0\0\0\0\0\0\x03\0\0\0\x0a\0\0\0\x2b\0\0\0\0\0\0\
\0\x03\0\0\0\x08\0\0\0\x08\0\0\0\0\0\0\0\x03\0\0\0\x0c\0\0\0\x0c\0\0\0\0\0\0\0\
\x03\0\0\0\x0c\0\0\0\x10\0\0\0\0\0\0\0\x03\0\0\0\x0c\0\0\0\x14\0\0\0\0\0\0\0\
\x03\0\0\0\x0c\0\0\0\x18\0\0\0\0\0\0\0\x03\0\0\0\x0c\0\0\0\x1c\0\0\0\0\0\0\0\
\x03\0\0\0\x0c\0\0\0\x20\0\0\0\0\0\0\0\x03\0\0\0\x0c\0\0\0\x24\0\0\0\0\0\0\0\
\x03\0\0\0\x0c\0\0\0\x28\0\0\0\0\0\0\0\x03\0\0\0\x0c\0\0\0\x2c\0\0\0\0\0\0\0\
\x03\0\0\0\x0c\0\0\0\x30\0\0\0\0\0\0\0\x03\0\0\0\x0c\0\0\0\x34\0\0\0\0\0\0\0\
\x03\0\0\0\x0c\0\0\0\x38\0\0\0\0\0\0\0\x03\0\0\0\x0c\0\0\0\x3c\0\0\0\0\0\0\0\
\x03\0\0\0\x0c\0\0\0\x40\0\0\0\0\0\0\0\x03\0\0\0\x0c\0\0\0\x44\0\0\0\0\0\0\0\
\x03\0\0\0\x0c\0\0\0\x48\0\0\0\0\0\0\0\x03\0\0\0\x0c\0\0\0\x4c\0\0\0\0\0\0\0\
\x03\0\0\0\x0c\0\0\0\x50\0\0\0\0\0\0\0\x03\0\0\0\x0c\0\0\0\x54\0\0\0\0\0\0\0\
\x03\0\0\0\x0c\0\0\0\x58\0\0\0\0\0\0\0\x03\0\0\0\x0c\0\0\0\x5c\0\0\0\0\0\0\0\
\x03\0\0\0\x0c\0\0\0\x60\0\0\0\0\0\0\0\x03\0\0\0\x0c\0\0\0\x64\0\0\0\0\0\0\0\
\x03\0\0\0\x0c\0\0\0\x68\0\0\0\0\0\0\0\x03\0\0\0\x0c\0\0\0\x6c\0\0\0\0\0\0\0\
\x03\0\0\0\x0c\0\0\0\x70\0\0\0\0\0\0\0\x03\0\0\0\x0c\0\0\0\x74\0\0\0\0\0\0\0\
\x03\0\0\0\x0c\0\0\0\x78\0\0\0\0\0\0\0\x03\0\0\0\x0c\0\0\0\x7c\0\0\0\0\0\0\0\
\x03\0\0\0\x0c\0\0\0\x80\0\0\0\0\0\0\0\x03\0\0\0\x0c\0\0\0\x84\0\0\0\0\0\0\0\
\x03\0\0\0\x0c\0\0\0\x88\0\0\0\0\0\0\0\x03\0\0\0\x0c\0\0\0\x8c\0\0\0\0\0\0\0\
\x03\0\0\0\x0c\0\0\0\x90\0\0\0\0\0\0\0\x03\0\0\0\x0c\0\0\0\x94\0\0\0\0\0\0\0\
\x03\0\0\0\x0c\0\0\0\x98\0\0\0\0\0\0\0\x03\0\0\0\x0c\0\0\0\x9c\0\0\0\0\0\0\0\
\x03\0\0\0\x0c\0\0\0\xa0\0\0\0\0\0\0\0\x03\0\0\0\x0c\0\0\0\xa4\0\0\0\0\0\0\0\
\x03\0\0\0\x0c\0\0\0\xa8\0\0\0\0\0\0\0\x03\0\0\0\x0c\0\0\0\xac\0\0\0\0\0\0\0\
\x03\0\0\0\x0c\0\0\0\xb0\0\0\0\0\0\0\0\x03\0\0\0\x0c\0\0\0\xb4\0\0\0\0\0\0\0\
\x03\0\0\0\x0c\0\0\0\xb8\0\0\0\0\0\0\0\x03\0\0\0\x0c\0\0\0\xbc\0\0\0\0\0\0\0\
\x03\0\0\0\x0c\0\0\0\xc0\0\0\0\0\0\0\0\x03\0\0\0\x0c\0\0\0\xc4\0\0\0\0\0\0\0\
\x03\0\0\0\x0c\0\0\0\xc8\0\0\0\0\0\0\0\x03\0\0\0\x0c\0\0\0\xcc\0\0\0\0\0\0\0\
\x03\0\0\0\x0c\0\0\0\xd0\0\0\0\0\0\0\0\x03\0\0\0\x0c\0\0\0\xd4\0\0\0\0\0\0\0\
\x03\0\0\0\x0c\0\0\0\xd8\0\0\0\0\0\0\0\x03\0\0\0\x0c\0\0\0\xdc\0\0\0\0\0\0\0\
\x03\0\0\0\x0c\0\0\0\xe0\0\0\0\0\0\0\0\x03\0\0\0\x0c\0\0\0\xe4\0\0\0\0\0\0\0\
\x03\0\0\0\x0c\0\0\0\xe8\0\0\0\0\0\0\0\x03\0\0\0\x0c\0\0\0\xec\0\0\0\0\0\0\0\
\x03\0\0\0\x0c\0\0\0\xf0\0\0\0\0\0\0\0\x03\0\0\0\x0c\0\0\0\xf4\0\0\0\0\0\0\0\
\x03\0\0\0\x0c\0\0\0\xf8\0\0\0\0\0\0\0\x03\0\0\0\x0c\0\0\0\xfc\0\0\0\0\0\0\0\
\x03\0\0\0\x0c\0\0\0\0\x01\0\0\0\0\0\0\x03\0\0\0\x0c\0\0\0\x04\x01\0\0\0\0\0\0\
\x03\0\0\0\x0c\0\0\0\x08\x01\0\0\0\0\0\0\x03\0\0\0\x0c\0\0\0\x0c\x01\0\0\0\0\0\
\0\x03\0\0\0\x0c\0\0\0\x10\x01\0\0\0\0\0\0\x03\0\0\0\x0c\0\0\0\x14\x01\0\0\0\0\
\0\0\x03\0\0\0\x0c\0\0\0\x18\x01\0\0\0\0\0\0\x03\0\0\0\x0c\0\0\0\x1c\x01\0\0\0\
\0\0\0\x03\0\0\0\x0c\0\0\0\x20\x01\0\0\0\0\0\0\x03\0\0\0\x0c\0\0\0\x24\x01\0\0\
\0\0\0\0\x03\0\0\0\x0c\0\0\0\x28\x01\0\0\0\0\0\0\x03\0\0\0\x0c\0\0\0\x2c\x01\0\
\0\0\0\0\0\x03\0\0\0\x0c\0\0\0\x30\x01\0\0\0\0\0\0\x03\0\0\0\x0c\0\0\0\x34\x01\
\0\0\0\0\0\0\x03\0\0\0\x0c\0\0\0\x38\x01\0\0\0\0\0\0\x03\0\0\0\x0c\0\0\0\x3c\
\x01\0\0\0\0\0\0\x03\0\0\0\x0c\0\0\0\x40\x01\0\0\0\0\0\0\x03\0\0\0\x0c\0\0\0\
\x44\x01\0\0\0\0\0\0\x03\0\0\0\x0c\0\0\0\x48\x01\0\0\0\0\0\0\x03\0\0\0\x0c\0\0\
\0\x4c\x01\0\0\0\0\0\0\x03\0\0\0\x0c\0\0\0\x50\x01\0\0\0\0\0\0\x03\0\0\0\x0c\0\
\0\0\x54\x01\0\0\0\0\0\0\x03\0\0\0\x0c\0\0\0\x58\x01\0\0\0\0\0\0\x03\0\0\0\x0c\
\0\0\0\x5c\x01\0\0\0\0\0\0\x03\0\0\0\x0c\0\0\0\x60\x01\0\0\0\0\0\0\x03\0\0\0\
\x0c\0\0\0\x64\x01\0\0\0\0\0\0\x03\0\0\0\x0c\0\0\0\x68\x01\0\0\0\0\0\0\x03\0\0\
\0\x0c\0\0\0\x6c\x01\0\0\0\0\0\0\x03\0\0\0\x0c\0\0\0\x70\x01\0\0\0\0\0\0\x03\0\
\0\0\x0c\0\0\0\x74\x01\0\0\0\0\0\0\x03\0\0\0\x0c\0\0\0\x78\x01\0\0\0\0\0\0\x03\
\0\0\0\x0c\0\0\0\x7c\x01\0\0\0\0\0\0\x03\0\0\0\x0c\0\0\0\x80\x01\0\0\0\0\0\0\
\x03\0\0\0\x0c\0\0\0\x84\x01\0\0\0\0\0\0\x03\0\0\0\x0c\0\0\0\x88\x01\0\0\0\0\0\
\0\x03\0\0\0\x0c\0\0\0\x8c\x01\0\0\0\0\0\0\x03\0\0\0\x0c\0\0\0\x90\x01\0\0\0\0\
\0\0\x03\0\0\0\x0c\0\0\0\x94\x01\0\0\0\0\0\0\x03\0\0\0\x0c\0\0\0\x98\x01\0\0\0\
\0\0\0\x03\0\0\0\x0c\0\0\0\x9c\x01\0\0\0\0\0\0\x03\0\0\0\x0c\0\0\0\xa0\x01\0\0\
\0\0\0\0\x03\0\0\0\x0c\0\0\0\xa4\x01\0\0\0\0\0\0\x03\0\0\0\x0c\0\0\0\xa8\x01\0\
\0\0\0\0\0\x03\0\0\0\x0c\0\0\0\xac\x01\0\0\0\0\0\0\x03\0\0\0\x0c\0\0\0\xb0\x01\
\0\0\0\0\0\0\x03\0\0\0\x0c\0\0\0\xb4\x01\0\0\0\0\0\0\x03\0\0\0\x0c\0\0\0\xb8\
\x01\0\0\0\0\0\0\x03\0\0\0\x0c\0\0\0\xbc\x01\0\0\0\0\0\0\x03\0\0\0\x0c\0\0\0\
\xc0\x01\0\0\0\0\0\0\x03\0\0\0\x0c\0\0\0\xc4\x01\0\0\0\0\0\0\x03\0\0\0\x0c\0\0\
\0\xc8\x01\0\0\0\0\0\0\x03\0\0\0\x0c\0\0\0\xcc\x01\0\0\0\0\0\0\x03\0\0\0\x0c\0\
\0\0\xd0\x01\0\0\0\0\0\0\x03\0\0\0\x0c\0\0\0\xd4\x01\0\0\0\0\0\0\x03\0\0\0\x0c\
\0\0\0\xd8\x01\0\0\0\0\0\0\x03\0\0\0\x0c\0\0\0\xdc\x01\0\0\0\0\0\0\x03\0\0\0\
\x0c\0\0\0\xe0\x01\0\0\0\0\0\0\x03\0\0\0\x0c\0\0\0\xe4\x01\0\0\0\0\0\0\x03\0\0\
\0\x0c\0\0\0\xe8\x01\0\0\0\0\0\0\x03\0\0\0\x0c\0\0\0\xec\x01\0\0\0\0\0\0\x03\0\
\0\0\x0c\0\0\0\xf0\x01\0\0\0\0\0\0\x03\0\0\0\x0c\0\0\0\xf4\x01\0\0\0\0\0\0\x03\
\0\0\0\x0c\0\0\0\xf8\x01\0\0\0\0\0\0\x03\0\0\0\x0c\0\0\0\x08\0\0\0\0\0\0\0\x02\
\0\0\0\x13\0\0\0\x10\0\0\0\0\0\0\0\x02\0\0\0\x12\0\0\0\x18\0\0\0\0\0\0\0\x02\0\
\0\0\x1d\0\0\0\x20\0\0\0\0\0\0\0\x02\0\0\0\x17\0\0\0\x28\0\0\0\0\0\0\0\x02\0\0\
\0\x23\0\0\0\x30\0\0\0\0\0\0\0\x02\0\0\0\x24\0\0\0\x38\0\0\0\0\0\0\0\x02\0\0\0\
\x14\0\0\0\x40\0\0\0\0\0\0\0\x02\0\0\0\x18\0\0\0\x48\0\0\0\0\0\0\0\x02\0\0\0\
\x1a\0\0\0\x50\0\0\0\0\0\0\0\x02\0\0\0\x1e\0\0\0\x58\0\0\0\0\0\0\0\x02\0\0\0\
\x20\0\0\0\x60\0\0\0\0\0\0\0\x02\0\0\0\x25\0\0\0\x68\0\0\0\0\0\0\0\x02\0\0\0\
\x22\0\0\0\x70\0\0\0\0\0\0\0\x02\0\0\0\x02\0\0\0\x78\0\0\0\0\0\0\0\x02\0\0\0\
\x02\0\0\0\x80\0\0\0\0\0\0\0\x02\0\0\0\x02\0\0\0\x88\0\0\0\0\0\0\0\x02\0\0\0\
\x02\0\0\0\x90\0\0\0\0\0\0\0\x02\0\0\0\x02\0\0\0\x98\0\0\0\0\0\0\0\x02\0\0\0\
\x02\0\0\0\xa0\0\0\0\0\0\0\0\x02\0\0\0\x02\0\0\0\xa8\0\0\0\0\0\0\0\x02\0\0\0\
\x03\0\0\0\xb0\0\0\0\0\0\0\0\x02\0\0\0\x03\0\0\0\xb8\0\0\0\0\0\0\0\x02\0\0\0\
\x03\0\0\0\xc0\0\0\0\0\0\0\0\x02\0\0\0\x03\0\0\0\xc8\0\0\0\0\0\0\0\x02\0\0\0\
\x03\0\0\0\xd0\0\0\0\0\0\0\0\x02\0\0\0\x03\0\0\0\xd8\0\0\0\0\0\0\0\x02\0\0\0\
\x03\0\0\0\xe0\0\0\0\0\0\0\0\x02\0\0\0\x04\0\0\0\xe8\0\0\0\0\0\0\0\x02\0\0\0\
\x04\0\0\0\xf0\0\0\0\0\0\0\0\x02\0\0\0\x04\0\0\0\xf8\0\0\0\0\0\0\0\x02\0\0\0\
\x04\0\0\0\0\x01\0\0\0\0\0\0\x02\0\0\0\x04\0\0\0\x08\x01\0\0\0\0\0\0\x02\0\0\0\
\x04\0\0\0\x10\x01\0\0\0\0\0\0\x02\0\0\0\x04\0\0\0\x18\x01\0\0\0\0\0\0\x02\0\0\
\0\x05\0\0\0\x20\x01\0\0\0\0\0\0\x02\0\0\0\x05\0\0\0\x28\x01\0\0\0\0\0\0\x02\0\
\0\0\x05\0\0\0\x30\x01\0\0\0\0\0\0\x02\0\0\0\x05\0\0\0\x38\x01\0\0\0\0\0\0\x02\
\0\0\0\x05\0\0\0\x40\x01\0\0\0\0\0\0\x02\0\0\0\x05\0\0\0\x48\x01\0\0\0\0\0\0\
\x02\0\0\0\x05\0\0\0\x50\x01\0\0\0\0\0\0\x02\0\0\0\x05\0\0\0\x58\x01\0\0\0\0\0\
\0\x02\0\0\0\x05\0\0\0\x60\x01\0\0\0\0\0\0\x02\0\0\0\x05\0\0\0\x68\x01\0\0\0\0\
\0\0\x02\0\0\0\x05\0\0\0\x70\x01\0\0\0\0\0\0\x02\0\0\0\x05\0\0\0\x78\x01\0\0\0\
\0\0\0\x02\0\0\0\x05\0\0\0\x80\x01\0\0\0\0\0\0\x02\0\0\0\x05\0\0\0\x88\x01\0\0\
\0\0\0\0\x02\0\0\0\x05\0\0\0\x90\x01\0\0\0\0\0\0\x02\0\0\0\x05\0\0\0\x98\x01\0\
\0\0\0\0\0\x02\0\0\0\x05\0\0\0\xa0\x01\0\0\0\0\0\0\x02\0\0\0\x05\0\0\0\xa8\x01\
\0\0\0\0\0\0\x02\0\0\0\x05\0\0\0\xb0\x01\0\0\0\0\0\0\x02\0\0\0\x05\0\0\0\xb8\
\x01\0\0\0\0\0\0\x02\0\0\0\x06\0\0\0\xc0\x01\0\0\0\0\0\0\x02\0\0\0\x06\0\0\0\
\xc8\x01\0\0\0\0\0\0\x02\0\0\0\x06\0\0\0\xd0\x01\0\0\0\0\0\0\x02\0\0\0\x06\0\0\
\0\xd8\x01\0\0\0\0\0\0\x02\0\0\0\x06\0\0\0\xe0\x01\0\0\0\0\0\0\x02\0\0\0\x07\0\
\0\0\xe8\x01\0\0\0\0\0\0\x02\0\0\0\x07\0\0\0\xf0\x01\0\0\0\0\0\0\x02\0\0\0\x07\
\0\0\0\xf8\x01\0\0\0\0\0\0\x02\0\0\0\x07\0\0\0\0\x02\0\0\0\0\0\0\x02\0\0\0\x07\
\0\0\0\x08\x02\0\0\0\0\0\0\x02\0\0\0\x07\0\0\0\x10\x02\0\0\0\0\0\0\x02\0\0\0\
\x07\0\0\0\x18\x02\0\0\0\0\0\0\x02\0\0\0\x07\0\0\0\x20\x02\0\0\0\0\0\0\x02\0\0\
\0\x07\0\0\0\x28\x02\0\0\0\0\0\0\x02\0\0\0\x07\0\0\0\x30\x02\0\0\0\0\0\0\x02\0\
\0\0\x07\0\0\0\x38\x02\0\0\0\0\0\0\x02\0\0\0\x07\0\0\0\x40\x02\0\0\0\0\0\0\x02\
\0\0\0\x07\0\0\0\x48\x02\0\0\0\0\0\0\x02\0\0\0\x07\0\0\0\x50\x02\0\0\0\0\0\0\
\x02\0\0\0\x07\0\0\0\x58\x02\0\0\0\0\0\0\x02\0\0\0\x07\0\0\0\x60\x02\0\0\0\0\0\
\0\x02\0\0\0\x07\0\0\0\x68\x02\0\0\0\0\0\0\x02\0\0\0\x07\0\0\0\x70\x02\0\0\0\0\
\0\0\x02\0\0\0\x07\0\0\0\x78\x02\0\0\0\0\0\0\x02\0\0\0\x07\0\0\0\x80\x02\0\0\0\
\0\0\0\x02\0\0\0\x07\0\0\0\x88\x02\0\0\0\0\0\0\x02\0\0\0\x07\0\0\0\x90\x02\0\0\
\0\0\0\0\x02\0\0\0\x07\0\0\0\x98\x02\0\0\0\0\0\0\x02\0\0\0\x07\0\0\0\xa0\x02\0\
\0\0\0\0\0\x02\0\0\0\x07\0\0\0\xa8\x02\0\0\0\0\0\0\x02\0\0\0\x07\0\0\0\xb0\x02\
\0\0\0\0\0\0\x02\0\0\0\x07\0\0\0\x98\x04\0\0\0\0\0\0\x04\0\0\0\x17\0\0\0\xb0\
\x04\0\0\0\0\0\0\x04\0\0\0\x24\0\0\0\xbc\x04\0\0\0\0\0\0\x04\0\0\0\x14\0\0\0\
\xc8\x04\0\0\0\0\0\0\x04\0\0\0\x18\0\0\0\xd4\x04\0\0\0\0\0\0\x04\0\0\0\x1a\0\0\
\0\xe0\x04\0\0\0\0\0\0\x04\0\0\0\x1e\0\0\0\xec\x04\0\0\0\0\0\0\x04\0\0\0\x20\0\
\0\0\xf8\x04\0\0\0\0\0\0\x04\0\0\0\x25\0\0\0\x04\x05\0\0\0\0\0\0\x04\0\0\0\x22\
\0\0\0\x1c\x05\0\0\0\0\0\0\x03\0\0\0\x13\0\0\0\x28\x05\0\0\0\0\0\0\x03\0\0\0\
\x12\0\0\0\x34\x05\0\0\0\0\0\0\x03\0\0\0\x1d\0\0\0\x4c\x05\0\0\0\0\0\0\x04\0\0\
\0\x23\0\0\0\x2c\0\0\0\0\0\0\0\x04\0\0\0\x02\0\0\0\x3c\0\0\0\0\0\0\0\x04\0\0\0\
\x03\0\0\0\x4c\0\0\0\0\0\0\0\x04\0\0\0\x04\0\0\0\x5c\0\0\0\0\0\0\0\x04\0\0\0\
\x05\0\0\0\x64\0\0\0\0\0\0\0\x04\0\0\0\x05\0\0\0\x74\0\0\0\0\0\0\0\x04\0\0\0\
\x06\0\0\0\x84\0\0\0\0\0\0\0\x04\0\0\0\x07\0\0\0\x8c\0\0\0\0\0\0\0\x04\0\0\0\
\x07\0\0\0\xa0\0\0\0\0\0\0\0\x04\0\0\0\x02\0\0\0\xb0\0\0\0\0\0\0\0\x04\0\0\0\
\x02\0\0\0\xc0\0\0\0\0\0\0\0\x04\0\0\0\x02\0\0\0\xd0\0\0\0\0\0\0\0\x04\0\0\0\
\x02\0\0\0\xe0\0\0\0\0\0\0\0\x04\0\0\0\x02\0\0\0\xf0\0\0\0\0\0\0\0\x04\0\0\0\
\x02\0\0\0\0\x01\0\0\0\0\0\0\x04\0\0\0\x02\0\0\0\x10\x01\0\0\0\0\0\0\x04\0\0\0\
\x02\0\0\0\x20\x01\0\0\0\0\0\0\x04\0\0\0\x02\0\0\0\x30\x01\0\0\0\0\0\0\x04\0\0\
\0\x02\0\0\0\x40\x01\0\0\0\0\0\0\x04\0\0\0\x02\0\0\0\x50\x01\0\0\0\0\0\0\x04\0\
\0\0\x02\0\0\0\x60\x01\0\0\0\0\0\0\x04\0\0\0\x02\0\0\0\x70\x01\0\0\0\0\0\0\x04\
\0\0\0\x02\0\0\0\x80\x01\0\0\0\0\0\0\x04\0\0\0\x02\0\0\0\x90\x01\0\0\0\0\0\0\
\x04\0\0\0\x02\0\0\0\xa0\x01\0\0\0\0\0\0\x04\0\0\0\x02\0\0\0\xb0\x01\0\0\0\0\0\
\0\x04\0\0\0\x02\0\0\0\xc0\x01\0\0\0\0\0\0\x04\0\0\0\x02\0\0\0\xd0\x01\0\0\0\0\
\0\0\x04\0\0\0\x02\0\0\0\xe0\x01\0\0\0\0\0\0\x04\0\0\0\x02\0\0\0\xf0\x01\0\0\0\
\0\0\0\x04\0\0\0\x02\0\0\0\0\x02\0\0\0\0\0\0\x04\0\0\0\x02\0\0\0\x18\x02\0\0\0\
\0\0\0\x04\0\0\0\x03\0\0\0\x28\x02\0\0\0\0\0\0\x04\0\0\0\x03\0\0\0\x38\x02\0\0\
\0\0\0\0\x04\0\0\0\x03\0\0\0\x48\x02\0\0\0\0\0\0\x04\0\0\0\x03\0\0\0\x58\x02\0\
\0\0\0\0\0\x04\0\0\0\x03\0\0\0\x68\x02\0\0\0\0\0\0\x04\0\0\0\x03\0\0\0\x78\x02\
\0\0\0\0\0\0\x04\0\0\0\x03\0\0\0\x88\x02\0\0\0\0\0\0\x04\0\0\0\x03\0\0\0\x98\
\x02\0\0\0\0\0\0\x04\0\0\0\x03\0\0\0\xa8\x02\0\0\0\0\0\0\x04\0\0\0\x03\0\0\0\
\xb8\x02\0\0\0\0\0\0\x04\0\0\0\x03\0\0\0\xc8\x02\0\0\0\0\0\0\x04\0\0\0\x03\0\0\
\0\xd8\x02\0\0\0\0\0\0\x04\0\0\0\x03\0\0\0\xe8\x02\0\0\0\0\0\0\x04\0\0\0\x03\0\
\0\0\xf8\x02\0\0\0\0\0\0\x04\0\0\0\x03\0\0\0\x08\x03\0\0\0\0\0\0\x04\0\0\0\x03\
\0\0\0\x18\x03\0\0\0\0\0\0\x04\0\0\0\x03\0\0\0\x28\x03\0\0\0\0\0\0\x04\0\0\0\
\x03\0\0\0\x38\x03\0\0\0\0\0\0\x04\0\0\0\x03\0\0\0\x48\x03\0\0\0\0\0\0\x04\0\0\
\0\x03\0\0\0\x58\x03\0\0\0\0\0\0\x04\0\0\0\x03\0\0\0\x68\x03\0\0\0\0\0\0\x04\0\
\0\0\x03\0\0\0\x78\x03\0\0\0\0\0\0\x04\0\0\0\x03\0\0\0\x90\x03\0\0\0\0\0\0\x04\
\0\0\0\x04\0\0\0\xa0\x03\0\0\0\0\0\0\x04\0\0\0\x04\0\0\0\xb0\x03\0\0\0\0\0\0\
\x04\0\0\0\x04\0\0\0\xc0\x03\0\0\0\0\0\0\x04\0\0\0\x04\0\0\0\xd0\x03\0\0\0\0\0\
\0\x04\0\0\0\x04\0\0\0\xe0\x03\0\0\0\0\0\0\x04\0\0\0\x04\0\0\0\xf0\x03\0\0\0\0\
\0\0\x04\0\0\0\x04\0\0\0\0\x04\0\0\0\0\0\0\x04\0\0\0\x04\0\0\0\x10\x04\0\0\0\0\
\0\0\x04\0\0\0\x04\0\0\0\x20\x04\0\0\0\0\0\0\x04\0\0\0\x04\0\0\0\x30\x04\0\0\0\
\0\0\0\x04\0\0\0\x04\0\0\0\x40\x04\0\0\0\0\0\0\x04\0\0\0\x04\0\0\0\x50\x04\0\0\
\0\0\0\0\x04\0\0\0\x04\0\0\0\x60\x04\0\0\0\0\0\0\x04\0\0\0\x04\0\0\0\x70\x04\0\
\0\0\0\0\0\x04\0\0\0\x04\0\0\0\x80\x04\0\0\0\0\0\0\x04\0\0\0\x04\0\0\0\x90\x04\
\0\0\0\0\0\0\x04\0\0\0\x04\0\0\0\xa0\x04\0\0\0\0\0\0\x04\0\0\0\x04\0\0\0\xb0\
\x04\0\0\0\0\0\0\x04\0\0\0\x04\0\0\0\xc0\x04\0\0\0\0\0\0\x04\0\0\0\x04\0\0\0\
\xd0\x04\0\0\0\0\0\0\x04\0\0\0\x04\0\0\0\xe0\x04\0\0\0\0\0\0\x04\0\0\0\x04\0\0\
\0\xf8\x04\0\0\0\0\0\0\x04\0\0\0\x05\0\0\0\x08\x05\0\0\0\0\0\0\x04\0\0\0\x05\0\
\0\0\x18\x05\0\0\0\0\0\0\x04\0\0\0\x05\0\0\0\x28\x05\0\0\0\0\0\0\x04\0\0\0\x05\
\0\0\0\x38\x05\0\0\0\0\0\0\x04\0\0\0\x05\0\0\0\x48\x05\0\0\0\0\0\0\x04\0\0\0\
\x05\0\0\0\x58\x05\0\0\0\0\0\0\x04\0\0\0\x05\0\0\0\x68\x05\0\0\0\0\0\0\x04\0\0\
\0\x05\0\0\0\x78\x05\0\0\0\0\0\0\x04\0\0\0\x05\0\0\0\x88\x05\0\0\0\0\0\0\x04\0\
\0\0\x05\0\0\0\x98\x05\0\0\0\0\0\0\x04\0\0\0\x05\0\0\0\xa8\x05\0\0\0\0\0\0\x04\
\0\0\0\x05\0\0\0\xb8\x05\0\0\0\0\0\0\x04\0\0\0\x05\0\0\0\xc8\x05\0\0\0\0\0\0\
\x04\0\0\0\x05\0\0\0\xd8\x05\0\0\0\0\0\0\x04\0\0\0\x05\0\0\0\xe8\x05\0\0\0\0\0\
\0\x04\0\0\0\x05\0\0\0\xf8\x05\0\0\0\0\0\0\x04\0\0\0\x05\0\0\0\x08\x06\0\0\0\0\
\0\0\x04\0\0\0\x05\0\0\0\x18\x06\0\0\0\0\0\0\x04\0\0\0\x05\0\0\0\x28\x06\0\0\0\
\0\0\0\x04\0\0\0\x05\0\0\0\x38\x06\0\0\0\0\0\0\x04\0\0\0\x05\0\0\0\x48\x06\0\0\
\0\0\0\0\x04\0\0\0\x05\0\0\0\x58\x06\0\0\0\0\0\0\x04\0\0\0\x05\0\0\0\x68\x06\0\
\0\0\0\0\0\x04\0\0\0\x05\0\0\0\x78\x06\0\0\0\0\0\0\x04\0\0\0\x05\0\0\0\x88\x06\
\0\0\0\0\0\0\x04\0\0\0\x05\0\0\0\x98\x06\0\0\0\0\0\0\x04\0\0\0\x05\0\0\0\xa8\
\x06\0\0\0\0\0\0\x04\0\0\0\x05\0\0\0\xb8\x06\0\0\0\0\0\0\x04\0\0\0\x05\0\0\0\
\xc8\x06\0\0\0\0\0\0\x04\0\0\0\x05\0\0\0\xd8\x06\0\0\0\0\0\0\x04\0\0\0\x05\0\0\
\0\xe8\x06\0\0\0\0\0\0\x04\0\0\0\x05\0\0\0\xf8\x06\0\0\0\0\0\0\x04\0\0\0\x05\0\
\0\0\x08\x07\0\0\0\0\0\0\x04\0\0\0\x05\0\0\0\x18\x07\0\0\0\0\0\0\x04\0\0\0\x05\
\0\0\0\x28\x07\0\0\0\0\0\0\x04\0\0\0\x05\0\0\0\x38\x07\0\0\0\0\0\0\x04\0\0\0\
\x05\0\0\0\x48\x07\0\0\0\0\0\0\x04\0\0\0\x05\0\0\0\x58\x07\0\0\0\0\0\0\x04\0\0\
\0\x05\0\0\0\x68\x07\0\0\0\0\0\0\x04\0\0\0\x05\0\0\0\x78\x07\0\0\0\0\0\0\x04\0\
\0\0\x05\0\0\0\x88\x07\0\0\0\0\0\0\x04\0\0\0\x05\0\0\0\x98\x07\0\0\0\0\0\0\x04\
\0\0\0\x05\0\0\0\xa8\x07\0\0\0\0\0\0\x04\0\0\0\x05\0\0\0\xb8\x07\0\0\0\0\0\0\
\x04\0\0\0\x05\0\0\0\xc8\x07\0\0\0\0\0\0\x04\0\0\0\x05\0\0\0\xd8\x07\0\0\0\0\0\
\0\x04\0\0\0\x05\0\0\0\xf0\x07\0\0\0\0\0\0\x04\0\0\0\x06\0\0\0\0\x08\0\0\0\0\0\
\0\x04\0\0\0\x06\0\0\0\x10\x08\0\0\0\0\0\0\x04\0\0\0\x06\0\0\0\x20\x08\0\0\0\0\
\0\0\x04\0\0\0\x06\0\0\0\x30\x08\0\0\0\0\0\0\x04\0\0\0\x06\0\0\0\x40\x08\0\0\0\
\0\0\0\x04\0\0\0\x06\0\0\0\x50\x08\0\0\0\0\0\0\x04\0\0\0\x06\0\0\0\x60\x08\0\0\
\0\0\0\0\x04\0\0\0\x06\0\0\0\x70\x08\0\0\0\0\0\0\x04\0\0\0\x06\0\0\0\x80\x08\0\
\0\0\0\0\0\x04\0\0\0\x06\0\0\0\x90\x08\0\0\0\0\0\0\x04\0\0\0\x06\0\0\0\xa0\x08\
\0\0\0\0\0\0\x04\0\0\0\x06\0\0\0\xb0\x08\0\0\0\0\0\0\x04\0\0\0\x06\0\0\0\xc0\
\x08\0\0\0\0\0\0\x04\0\0\0\x06\0\0\0\xd0\x08\0\0\0\0\0\0\x04\0\0\0\x06\0\0\0\
\xe0\x08\0\0\0\0\0\0\x04\0\0\0\x06\0\0\0\xf0\x08\0\0\0\0\0\0\x04\0\0\0\x06\0\0\
\0\0\x09\0\0\0\0\0\0\x04\0\0\0\x06\0\0\0\x10\x09\0\0\0\0\0\0\x04\0\0\0\x06\0\0\
\0\x20\x09\0\0\0\0\0\0\x04\0\0\0\x06\0\0\0\x30\x09\0\0\0\0\0\0\x04\0\0\0\x06\0\
\0\0\x40\x09\0\0\0\0\0\0\x04\0\0\0\x06\0\0\0\x50\x09\0\0\0\0\0\0\x04\0\0\0\x06\
\0\0\0\x60\x09\0\0\0\0\0\0\x04\0\0\0\x06\0\0\0\x70\x09\0\0\0\0\0\0\x04\0\0\0\
\x06\0\0\0\x80\x09\0\0\0\0\0\0\x04\0\0\0\x06\0\0\0\x90\x09\0\0\0\0\0\0\x04\0\0\
\0\x06\0\0\0\xa0\x09\0\0\0\0\0\0\x04\0\0\0\x06\0\0\0\xb0\x09\0\0\0\0\0\0\x04\0\
\0\0\x06\0\0\0\xc0\x09\0\0\0\0\0\0\x04\0\0\0\x06\0\0\0\xd0\x09\0\0\0\0\0\0\x04\
\0\0\0\x06\0\0\0\xe0\x09\0\0\0\0\0\0\x04\0\0\0\x06\0\0\0\xf8\x09\0\0\0\0\0\0\
\x04\0\0\0\x07\0\0\0\x08\x0a\0\0\0\0\0\0\x04\0\0\0\x07\0\0\0\x18\x0a\0\0\0\0\0\
\0\x04\0\0\0\x07\0\0\0\x28\x0a\0\0\0\0\0\0\x04\0\0\0\x07\0\0\0\x38\x0a\0\0\0\0\
\0\0\x04\0\0\0\x07\0\0\0\x48\x0a\0\0\0\0\0\0\x04\0\0\0\x07\0\0\0\x58\x0a\0\0\0\
\0\0\0\x04\0\0\0\x07\0\0\0\x68\x0a\0\0\0\0\0\0\x04\0\0\0\x07\0\0\0\x78\x0a\0\0\
\0\0\0\0\x04\0\0\0\x07\0\0\0\x88\x0a\0\0\0\0\0\0\x04\0\0\0\x07\0\0\0\x98\x0a\0\
\0\0\0\0\0\x04\0\0\0\x07\0\0\0\xa8\x0a\0\0\0\0\0\0\x04\0\0\0\x07\0\0\0\xb8\x0a\
\0\0\0\0\0\0\x04\0\0\0\x07\0\0\0\xc8\x0a\0\0\0\0\0\0\x04\0\0\0\x07\0\0\0\xd8\
\x0a\0\0\0\0\0\0\x04\0\0\0\x07\0\0\0\xe8\x0a\0\0\0\0\0\0\x04\0\0\0\x07\0\0\0\
\xf8\x0a\0\0\0\0\0\0\x04\0\0\0\x07\0\0\0\x08\x0b\0\0\0\0\0\0\x04\0\0\0\x07\0\0\
\0\x18\x0b\0\0\0\0\0\0\x04\0\0\0\x07\0\0\0\x28\x0b\0\0\0\0\0\0\x04\0\0\0\x07\0\
\0\0\x38\x0b\0\0\0\0\0\0\x04\0\0\0\x07\0\0\0\x48\x0b\0\0\0\0\0\0\x04\0\0\0\x07\
\0\0\0\x58\x0b\0\0\0\0\0\0\x04\0\0\0\x07\0\0\0\x68\x0b\0\0\0\0\0\0\x04\0\0\0\
\x07\0\0\0\x78\x0b\0\0\0\0\0\0\x04\0\0\0\x07\0\0\0\x88\x0b\0\0\0\0\0\0\x04\0\0\
\0\x07\0\0\0\x98\x0b\0\0\0\0\0\0\x04\0\0\0\x07\0\0\0\xa8\x0b\0\0\0\0\0\0\x04\0\
\0\0\x07\0\0\0\xb8\x0b\0\0\0\0\0\0\x04\0\0\0\x07\0\0\0\xc8\x0b\0\0\0\0\0\0\x04\
\0\0\0\x07\0\0\0\xd8\x0b\0\0\0\0\0\0\x04\0\0\0\x07\0\0\0\xe8\x0b\0\0\0\0\0\0\
\x04\0\0\0\x07\0\0\0\xf8\x0b\0\0\0\0\0\0\x04\0\0\0\x07\0\0\0\x08\x0c\0\0\0\0\0\
\0\x04\0\0\0\x07\0\0\0\x18\x0c\0\0\0\0\0\0\x04\0\0\0\x07\0\0\0\x28\x0c\0\0\0\0\
\0\0\x04\0\0\0\x07\0\0\0\x38\x0c\0\0\0\0\0\0\x04\0\0\0\x07\0\0\0\x48\x0c\0\0\0\
\0\0\0\x04\0\0\0\x07\0\0\0\x58\x0c\0\0\0\0\0\0\x04\0\0\0\x07\0\0\0\x68\x0c\0\0\
\0\0\0\0\x04\0\0\0\x07\0\0\0\x78\x0c\0\0\0\0\0\0\x04\0\0\0\x07\0\0\0\x88\x0c\0\
\0\0\0\0\0\x04\0\0\0\x07\0\0\0\x98\x0c\0\0\0\0\0\0\x04\0\0\0\x07\0\0\0\xa8\x0c\
\0\0\0\0\0\0\x04\0\0\0\x07\0\0\0\xb8\x0c\0\0\0\0\0\0\x04\0\0\0\x07\0\0\0\xc8\
\x0c\0\0\0\0\0\0\x04\0\0\0\x07\0\0\0\xd8\x0c\0\0\0\0\0\0\x04\0\0\0\x07\0\0\0\
\xe8\x0c\0\0\0\0\0\0\x04\0\0\0\x07\0\0\0\xf8\x0c\0\0\0\0\0\0\x04\0\0\0\x07\0\0\
\0\x08\x0d\0\0\0\0\0\0\x04\0\0\0\x07\0\0\0\x18\x0d\0\0\0\0\0\0\x04\0\0\0\x07\0\
\0\0\x28\x0d\0\0\0\0\0\0\x04\0\0\0\x07\0\0\0\x38\x0d\0\0\0\0\0\0\x04\0\0\0\x07\
\0\0\0\x48\x0d\0\0\0\0\0\0\x04\0\0\0\x07\0\0\0\x58\x0d\0\0\0\0\0\0\x04\0\0\0\
\x07\0\0\0\x68\x0d\0\0\0\0\0\0\x04\0\0\0\x07\0\0\0\x78\x0d\0\0\0\0\0\0\x04\0\0\
\0\x07\0\0\0\x88\x0d\0\0\0\0\0\0\x04\0\0\0\x07\0\0\0\x98\x0d\0\0\0\0\0\0\x04\0\
\0\0\x07\0\0\0\xa8\x0d\0\0\0\0\0\0\x04\0\0\0\x07\0\0\0\xb8\x0d\0\0\0\0\0\0\x04\
\0\0\0\x07\0\0\0\xc8\x0d\0\0\0\0\0\0\x04\0\0\0\x07\0\0\0\xd8\x0d\0\0\0\0\0\0\
\x04\0\0\0\x07\0\0\0\xe8\x0d\0\0\0\0\0\0\x04\0\0\0\x07\0\0\0\xf8\x0d\0\0\0\0\0\
\0\x04\0\0\0\x07\0\0\0\x08\x0e\0\0\0\0\0\0\x04\0\0\0\x07\0\0\0\x18\x0e\0\0\0\0\
\0\0\x04\0\0\0\x07\0\0\0\x28\x0e\0\0\0\0\0\0\x04\0\0\0\x07\0\0\0\x38\x0e\0\0\0\
\0\0\0\x04\0\0\0\x07\0\0\0\x48\x0e\0\0\0\0\0\0\x04\0\0\0\x07\0\0\0\x58\x0e\0\0\
\0\0\0\0\x04\0\0\0\x07\0\0\0\x68\x0e\0\0\0\0\0\0\x04\0\0\0\x07\0\0\0\x78\x0e\0\
\0\0\0\0\0\x04\0\0\0\x07\0\0\0\x88\x0e\0\0\0\0\0\0\x04\0\0\0\x07\0\0\0\x98\x0e\
\0\0\0\0\0\0\x04\0\0\0\x07\0\0\0\xa8\x0e\0\0\0\0\0\0\x04\0\0\0\x07\0\0\0\xb8\
\x0e\0\0\0\0\0\0\x04\0\0\0\x07\0\0\0\xc8\x0e\0\0\0\0\0\0\x04\0\0\0\x07\0\0\0\
\xd8\x0e\0\0\0\0\0\0\x04\0\0\0\x07\0\0\0\xe8\x0e\0\0\0\0\0\0\x04\0\0\0\x07\0\0\
\0\xf8\x0e\0\0\0\0\0\0\x04\0\0\0\x07\0\0\0\x08\x0f\0\0\0\0\0\0\x04\0\0\0\x07\0\
\0\0\x18\x0f\0\0\0\0\0\0\x04\0\0\0\x07\0\0\0\x28\x0f\0\0\0\0\0\0\x04\0\0\0\x07\
\0\0\0\x38\x0f\0\0\0\0\0\0\x04\0\0\0\x07\0\0\0\x54\x0f\0\0\0\0\0\0\x04\0\0\0\
\x02\0\0\0\x6c\x0f\0\0\0\0\0\0\x04\0\0\0\x03\0\0\0\x84\x0f\0\0\0\0\0\0\x04\0\0\
\0\x05\0\0\0\x94\x0f\0\0\0\0\0\0\x04\0\0\0\x05\0\0\0\xa4\x0f\0\0\0\0\0\0\x04\0\
\0\0\x05\0\0\0\xbc\x0f\0\0\0\0\0\0\x04\0\0\0\x06\0\0\0\xcc\x0f\0\0\0\0\0\0\x04\
\0\0\0\x06\0\0\0\xe4\x0f\0\0\0\0\0\0\x04\0\0\0\x07\0\0\0\xf4\x0f\0\0\0\0\0\0\
\x04\0\0\0\x07\0\0\0\x04\x10\0\0\0\0\0\0\x04\0\0\0\x07\0\0\0\x14\x10\0\0\0\0\0\
\0\x04\0\0\0\x07\0\0\0\x14\0\0\0\0\0\0\0\x03\0\0\0\x0e\0\0\0\x18\0\0\0\0\0\0\0\
\x02\0\0\0\x02\0\0\0\x2c\0\0\0\0\0\0\0\x03\0\0\0\x0e\0\0\0\x30\0\0\0\0\0\0\0\
\x02\0\0\0\x03\0\0\0\x44\0\0\0\0\0\0\0\x03\0\0\0\x0e\0\0\0\x48\0\0\0\0\0\0\0\
\x02\0\0\0\x04\0\0\0\x5c\0\0\0\0\0\0\0\x03\0\0\0\x0e\0\0\0\x60\0\0\0\0\0\0\0\
\x02\0\0\0\x05\0\0\0\x74\0\0\0\0\0\0\0\x03\0\0\0\x0e\0\0\0\x78\0\0\0\0\0\0\0\
\x02\0\0\0\x05\0\0\0\x8c\0\0\0\0\0\0\0\x03\0\0\0\x0e\0\0\0\x90\0\0\0\0\0\0\0\
\x02\0\0\0\x06\0\0\0\xa4\0\0\0\0\0\0\0\x03\0\0\0\x0e\0\0\0\xa8\0\0\0\0\0\0\0\
\x02\0\0\0\x07\0\0\0\xbc\0\0\0\0\0\0\0\x03\0\0\0\x0e\0\0\0\xc0\0\0\0\0\0\0\0\
\x02\0\0\0\x07\0\0\0\x22\0\0\0\0\0\0\0\x03\0\0\0\x10\0\0\0\x26\0\0\0\0\0\0\0\
\x03\0\0\0\x10\0\0\0\x2a\0\0\0\0\0\0\0\x03\0\0\0\x10\0\0\0\x2e\0\0\0\0\0\0\0\
\x03\0\0\0\x10\0\0\0\x32\0\0\0\0\0\0\0\x03\0\0\0\x10\0\0\0\x36\0\0\0\0\0\0\0\
\x03\0\0\0\x10\0\0\0\x3a\0\0\0\0\0\0\0\x03\0\0\0\x10\0\0\0\x46\0\0\0\0\0\0\0\
\x03\0\0\0\x10\0\0\0\x5b\0\0\0\0\0\0\0\x03\0\0\0\x10\0\0\0\x70\0\0\0\0\0\0\0\
\x03\0\0\0\x10\0\0\0\x85\0\0\0\0\0\0\0\x03\0\0\0\x10\0\0\0\x9a\0\0\0\0\0\0\0\
\x03\0\0\0\x10\0\0\0\xaf\0\0\0\0\0\0\0\x03\0\0\0\x10\0\0\0\xc4\0\0\0\0\0\0\0\
\x03\0\0\0\x10\0\0\0\xd9\0\0\0\0\0\0\0\x03\0\0\0\x10\0\0\0\xee\0\0\0\0\0\0\0\
\x03\0\0\0\x10\0\0\0\x09\x01\0\0\0\0\0\0\x02\0\0\0\x02\0\0\0\x9a\x01\0\0\0\0\0\
\0\x02\0\0\0\x03\0\0\0\x2d\x02\0\0\0\0\0\0\x02\0\0\0\x04\0\0\0\xbb\x02\0\0\0\0\
\0\0\x02\0\0\0\x05\0\0\0\0\x04\0\0\0\0\0\0\x02\0\0\0\x06\0\0\0\x8d\x04\0\0\0\0\
\0\0\x02\0\0\0\x07\0\0\0\x11\x15\x16\x19\x1b\x1c\x1f\x21\x13\x12\x1d\x23\x24\
\x14\x18\x1a\x1e\x20\x25\x22\0\x2e\x64\x65\x62\x75\x67\x5f\x61\x62\x62\x72\x65\
\x76\0\x2e\x74\x65\x78\x74\0\x2e\x72\x65\x6c\x2e\x42\x54\x46\x2e\x65\x78\x74\0\
\x72\x78\x5f\x63\x6e\x74\0\x64\x65\x76\x6d\x61\x70\x5f\x78\x6d\x69\x74\x5f\x63\
\x6e\x74\0\x72\x65\x64\x69\x72\x5f\x65\x72\x72\x5f\x63\x6e\x74\0\x72\x78\x71\
\x5f\x63\x6e\x74\0\x65\x78\x63\x65\x70\x74\x69\x6f\x6e\x5f\x63\x6e\x74\0\x63\
\x70\x75\x6d\x61\x70\x5f\x65\x6e\x71\x75\x65\x75\x65\x5f\x63\x6e\x74\0\x63\x70\
\x75\x6d\x61\x70\x5f\x6b\x74\x68\x72\x65\x61\x64\x5f\x63\x6e\x74\0\x74\x70\x5f\
\x78\x64\x70\x5f\x64\x65\x76\x6d\x61\x70\x5f\x78\x6d\x69\x74\0\x2e\x72\x65\x6c\
\x74\x70\x5f\x62\x74\x66\x2f\x78\x64\x70\x5f\x64\x65\x76\x6d\x61\x70\x5f\x78\
\x6d\x69\x74\0\x74\x70\x5f\x78\x64\x70\x5f\x72\x65\x64\x69\x72\x65\x63\x74\0\
\x2e\x72\x65\x6c\x74\x70\x5f\x62\x74\x66\x2f\x78\x64\x70\x5f\x72\x65\x64\x69\
\x72\x65\x63\x74\0\x74\x70\x5f\x78\x64\x70\x5f\x63\x70\x75\x6d\x61\x70\x5f\x63\
\x6f\x6d\x70\x61\x74\0\x6e\x72\x5f\x63\x70\x75\x73\0\x2e\x64\x65\x62\x75\x67\
\x5f\x72\x6e\x67\x6c\x69\x73\x74\x73\0\x2e\x64\x65\x62\x75\x67\x5f\x6c\x6f\x63\
\x6c\x69\x73\x74\x73\0\x2e\x72\x65\x6c\x2e\x64\x65\x62\x75\x67\x5f\x73\x74\x72\
\x5f\x6f\x66\x66\x73\x65\x74\x73\0\x2e\x62\x73\x73\0\x2e\x6d\x61\x70\x73\0\x2e\
\x64\x65\x62\x75\x67\x5f\x73\x74\x72\0\x2e\x64\x65\x62\x75\x67\x5f\x6c\x69\x6e\
\x65\x5f\x73\x74\x72\0\x74\x70\x5f\x78\x64\x70\x5f\x72\x65\x64\x69\x72\x65\x63\
\x74\x5f\x65\x72\x72\0\x2e\x72\x65\x6c\x74\x70\x5f\x62\x74\x66\x2f\x78\x64\x70\
\x5f\x72\x65\x64\x69\x72\x65\x63\x74\x5f\x65\x72\x72\0\x2e\x72\x65\x6c\x2e\x64\
\x65\x62\x75\x67\x5f\x61\x64\x64\x72\0\x2e\x72\x65\x6c\x2e\x64\x65\x62\x75\x67\
\x5f\x69\x6e\x66\x6f\0\x74\x70\x5f\x78\x64\x70\x5f\x65\x78\x63\x65\x70\x74\x69\
\x6f\x6e\0\x2e\x72\x65\x6c\x74\x70\x5f\x62\x74\x66\x2f\x78\x64\x70\x5f\x65\x78\
\x63\x65\x70\x74\x69\x6f\x6e\0\x64\x65\x76\x6d\x61\x70\x5f\x78\x6d\x69\x74\x5f\
\x63\x6e\x74\x5f\x6d\x75\x6c\x74\x69\0\x74\x70\x5f\x78\x64\x70\x5f\x64\x65\x76\
\x6d\x61\x70\x5f\x78\x6d\x69\x74\x5f\x6d\x75\x6c\x74\x69\0\x74\x6f\x5f\x6d\x61\
\x74\x63\x68\0\x66\x72\x6f\x6d\x5f\x6d\x61\x74\x63\x68\0\x2e\x6c\x6c\x76\x6d\
\x5f\x61\x64\x64\x72\x73\x69\x67\0\x74\x70\x5f\x78\x64\x70\x5f\x63\x70\x75\x6d\
\x61\x70\x5f\x65\x6e\x71\x75\x65\x75\x65\0\x2e\x72\x65\x6c\x74\x70\x5f\x62\x74\
\x66\x2f\x78\x64\x70\x5f\x63\x70\x75\x6d\x61\x70\x5f\x65\x6e\x71\x75\x65\x75\
\x65\0\x5f\x6c\x69\x63\x65\x6e\x73\x65\0\x2e\x72\x65\x6c\x2e\x64\x65\x62\x75\
\x67\x5f\x6c\x69\x6e\x65\0\x2e\x72\x65\x6c\x2e\x64\x65\x62\x75\x67\x5f\x66\x72\
\x61\x6d\x65\0\x63\x70\x75\x6d\x61\x70\x5f\x6d\x61\x70\x5f\x69\x64\0\x74\x70\
\x5f\x78\x64\x70\x5f\x63\x70\x75\x6d\x61\x70\x5f\x6b\x74\x68\x72\x65\x61\x64\0\
\x2e\x72\x65\x6c\x74\x70\x5f\x62\x74\x66\x2f\x78\x64\x70\x5f\x63\x70\x75\x6d\
\x61\x70\x5f\x6b\x74\x68\x72\x65\x61\x64\0\x78\x64\x70\x5f\x6d\x6f\x6e\x69\x74\
\x6f\x72\x2e\x62\x70\x66\x2e\x63\0\x2e\x73\x74\x72\x74\x61\x62\0\x2e\x73\x79\
\x6d\x74\x61\x62\0\x2e\x72\x6f\x64\x61\x74\x61\0\x2e\x72\x65\x6c\x2e\x42\x54\
\x46\0\0\0\0\0\0\0\0\0\0\0\0\0\0\0\0\0\0\0\0\0\0\0\0\0\0\0\0\0\0\0\0\0\0\0\0\0\
\0\0\0\0\0\0\0\0\0\0\0\0\0\0\0\0\0\0\0\0\0\0\0\0\0\0\0\0\0\0\0\xd0\x02\0\0\x03\
\0\0\0\0\0\0\0\0\0\0\0\0\0\0\0\0\0\0\0\x1c\x92\0\0\0\0\0\0\xf1\x02\0\0\0\0\0\0\
\0\0\0\0\0\0\0\0\x01\0\0\0\0\0\0\0\0\0\0\0\0\0\0\0\x0f\0\0\0\x01\0\0\0\x06\0\0\
\0\0\0\0\0\0\0\0\0\0\0\0\0\x40\0\0\0\0\0\0\0\0\0\0\0\0\0\0\0\0\0\0\0\0\0\0\0\
\x04\0\0\0\0\0\0\0\0\0\0\0\0\0\0\0\x6b\x01\0\0\x01\0\0\0\x06\0\0\0\0\0\0\0\0\0\
\0\0\0\0\0\0\x40\0\0\0\0\0\0\0\x68\x02\0\0\0\0\0\0\0\0\0\0\0\0\0\0\x08\0\0\0\0\
\0\0\0\0\0\0\0\0\0\0\0\x67\x01\0\0\x09\0\0\0\x40\0\0\0\0\0\0\0\0\0\0\0\0\0\0\0\
\x98\x6f\0\0\0\0\0\0\x40\0\0\0\0\0\0\0\x27\0\0\0\x03\0\0\0\x08\0\0\0\0\0\0\0\
\x10\0\0\0\0\0\0\0\xc5\0\0\0\x01\0\0\0\x06\0\0\0\0\0\0\0\0\0\0\0\0\0\0\0\xa8\
\x02\0\0\0\0\0\0\x68\x02\0\0\0\0\0\0\0\0\0\0\0\0\0\0\x08\0\0\0\0\0\0\0\0\0\0\0\
\0\0\0\0\xc1\0\0\0\x09\0\0\0\x40\0\0\0\0\0\0\0\0\0\0\0\0\0\0\0\xd8\x6f\0\0\0\0\
\0\0\x40\0\0\0\0\0\0\0\x27\0\0\0\x05\0\0\0\x08\0\0\0\0\0\0\0\x10\0\0\0\0\0\0\0\
\x38\x02\0\0\x01\0\0\0\x06\0\0\0\0\0\0\0\0\0\0\0\0\0\0\0\x10\x05\0\0\0\0\0\0\
\x40\x01\0\0\0\0\0\0\0\0\0\0\0\0\0\0\x08\0\0\0\0\0\0\0\0\0\0\0\0\0\0\0\x34\x02\
\0\0\x09\0\0\0\x40\0\0\0\0\0\0\0\0\0\0\0\0\0\0\0\x18\x70\0\0\0\0\0\0\x30\0\0\0\
\0\0\0\0\x27\0\0\0\x07\0\0\0\x08\0\0\0\0\0\0\0\x10\0\0\0\0\0\0\0\xa4\x02\0\0\
\x01\0\0\0\x06\0\0\0\0\0\0\0\0\0\0\0\0\0\0\0\x50\x06\0\0\0\0\0\0\xb8\x02\0\0\0\
\0\0\0\0\0\0\0\0\0\0\0\x08\0\0\0\0\0\0\0\0\0\0\0\0\0\0\0\xa0\x02\0\0\x09\0\0\0\
\x40\0\0\0\0\0\0\0\0\0\0\0\0\0\0\0\x48\x70\0\0\0\0\0\0\x40\0\0\0\0\0\0\0\x27\0\
\0\0\x09\0\0\0\x08\0\0\0\0\0\0\0\x10\0\0\0\0\0\0\0\xb8\x01\0\0\x01\0\0\0\x06\0\
\0\0\0\0\0\0\0\0\0\0\0\0\0\0\x08\x09\0\0\0\0\0\0\x18\x02\0\0\0\0\0\0\0\0\0\0\0\
\0\0\0\x08\0\0\0\0\0\0\0\0\0\0\0\0\0\0\0\xb4\x01\0\0\x09\0\0\0\x40\0\0\0\0\0\0\
\0\0\0\0\0\0\0\0\0\x88\x70\0\0\0\0\0\0\x60\0\0\0\0\0\0\0\x27\0\0\0\x0b\0\0\0\
\x08\0\0\0\0\0\0\0\x10\0\0\0\0\0\0\0\x9a\0\0\0\x01\0\0\0\x06\0\0\0\0\0\0\0\0\0\
\0\0\0\0\0\0\x20\x0b\0\0\0\0\0\0\xc8\x05\0\0\0\0\0\0\0\0\0\0\0\0\0\0\x08\0\0\0\
\0\0\0\0\0\0\0\0\0\0\0\0\x96\0\0\0\x09\0\0\0\x40\0\0\0\0\0\0\0\0\0\0\0\0\0\0\0\
\xe8\x70\0\0\0\0\0\0\xb0\0\0\0\0\0\0\0\x27\0\0\0\x0d\0\0\0\x08\0\0\0\0\0\0\0\
\x10\0\0\0\0\0\0\0\xe0\x02\0\0\x01\0\0\0\x02\0\0\0\0\0\0\0\0\0\0\0\0\0\0\0\xe8\
\x10\0\0\0\0\0\0\x04\x01\0\0\0\0\0\0\0\0\0\0\0\0\0\0\x04\0\0\0\0\0\0\0\0\0\0\0\
\0\0\0\0\x2d\x01\0\0\x08\0\0\0\x03\0\0\0\0\0\0\0\0\0\0\0\0\0\0\0\xec\x11\0\0\0\
\0\0\0\x04\0\0\0\0\0\0\0\0\0\0\0\0\0\0\0\x04\0\0\0\0\0\0\0\0\0\0\0\0\0\0\0\x53\
\x02\0\0\x01\0\0\0\x03\0\0\0\0\0\0\0\0\0\0\0\0\0\0\0\xec\x11\0\0\0\0\0\0\x04\0\
\0\0\0\0\0\0\0\0\0\0\0\0\0\0\x01\0\0\0\0\0\0\0\0\0\0\0\0\0\0\0\x32\x01\0\0\x01\
\0\0\0\x03\0\0\0\0\0\0\0\0\0\0\0\0\0\0\0\xf0\x11\0\0\0\0\0\0\0\x01\0\0\0\0\0\0\
\0\0\0\0\0\0\0\0\x08\0\0\0\0\0\0\0\0\0\0\0\0\0\0\0\x06\x01\0\0\x01\0\0\0\0\0\0\
\0\0\0\0\0\0\0\0\0\0\0\0\0\xf0\x12\0\0\0\0\0\0\xa3\x0a\0\0\0\0\0\0\0\0\0\0\0\0\
\0\0\x01\0\0\0\0\0\0\0\0\0\0\0\0\0\0\0\x01\0\0\0\x01\0\0\0\0\0\0\0\0\0\0\0\0\0\
\0\0\0\0\0\0\x93\x1d\0\0\0\0\0\0\x62\x02\0\0\0\0\0\0\0\0\0\0\0\0\0\0\x01\0\0\0\
\0\0\0\0\0\0\0\0\0\0\0\0\x97\x01\0\0\x01\0\0\0\0\0\0\0\0\0\0\0\0\0\0\0\0\0\0\0\
\xf5\x1f\0\0\0\0\0\0\x5c\x17\0\0\0\0\0\0\0\0\0\0\0\0\0\0\x01\0\0\0\0\0\0\0\0\0\
\0\0\0\0\0\0\x93\x01\0\0\x09\0\0\0\x40\0\0\0\0\0\0\0\0\0\0\0\0\0\0\0\x98\x71\0\
\0\0\0\0\0\x60\0\0\0\0\0\0\0\x27\0\0\0\x15\0\0\0\x08\0\0\0\0\0\0\0\x10\0\0\0\0\
\0\0\0\xf6\0\0\0\x01\0\0\0\0\0\0\0\0\0\0\0\0\0\0\0\0\0\0\0\x51\x37\0\0\0\0\0\0\
\x7b\0\0\0\0\0\0\0\0\0\0\0\0\0\0\0\x01\0\0\0\0\0\0\0\0\0\0\0\0\0\0\0\x1a\x01\0\
\0\x01\0\0\0\0\0\0\0\0\0\0\0\0\0\0\0\0\0\0\0\xcc\x37\0\0\0\0\0\0\xfc\x01\0\0\0\
\0\0\0\0\0\0\0\0\0\0\0\x01\0\0\0\0\0\0\0\0\0\0\0\0\0\0\0\x16\x01\0\0\x09\0\0\0\
\x40\0\0\0\0\0\0\0\0\0\0\0\0\0\0\0\xf8\x71\0\0\0\0\0\0\xd0\x07\0\0\0\0\0\0\x27\
\0\0\0\x18\0\0\0\x08\0\0\0\0\0\0\0\x10\0\0\0\0\0\0\0\x38\x01\0\0\x01\0\0\0\x30\
\0\0\0\0\0\0\0\0\0\0\0\0\0\0\0\xc8\x39\0\0\0\0\0\0\xd6\x05\0\0\0\0\0\0\0\0\0\0\
\0\0\0\0\x01\0\0\0\0\0\0\0\x01\0\0\0\0\0\0\0\x87\x01\0\0\x01\0\0\0\0\0\0\0\0\0\
\0\0\0\0\0\0\0\0\0\0\x9e\x3f\0\0\0\0\0\0\xb8\x02\0\0\0\0\0\0\0\0\0\0\0\0\0\0\
\x01\0\0\0\0\0\0\0\0\0\0\0\0\0\0\0\x83\x01\0\0\x09\0\0\0\x40\0\0\0\0\0\0\0\0\0\
\0\0\0\0\0\0\xc8\x79\0\0\0\0\0\0\x60\x05\0\0\0\0\0\0\x27\0\0\0\x1b\0\0\0\x08\0\
\0\0\0\0\0\0\x10\0\0\0\0\0\0\0\xec\x02\0\0\x01\0\0\0\0\0\0\0\0\0\0\0\0\0\0\0\0\
\0\0\0\x58\x42\0\0\0\0\0\0\x1a\x11\0\0\0\0\0\0\0\0\0\0\0\0\0\0\x04\0\0\0\0\0\0\
\0\0\0\0\0\0\0\0\0\xe8\x02\0\0\x09\0\0\0\x40\0\0\0\0\0\0\0\0\0\0\0\0\0\0\0\x28\
\x7f\0\0\0\0\0\0\xd0\0\0\0\0\0\0\0\x27\0\0\0\x1d\0\0\0\x08\0\0\0\0\0\0\0\x10\0\
\0\0\0\0\0\0\x19\0\0\0\x01\0\0\0\0\0\0\0\0\0\0\0\0\0\0\0\0\0\0\0\x74\x53\0\0\0\
\0\0\0\x24\x10\0\0\0\0\0\0\0\0\0\0\0\0\0\0\x04\0\0\0\0\0\0\0\0\0\0\0\0\0\0\0\
\x15\0\0\0\x09\0\0\0\x40\0\0\0\0\0\0\0\0\0\0\0\0\0\0\0\xf8\x7f\0\0\0\0\0\0\xb0\
\x0f\0\0\0\0\0\0\x27\0\0\0\x1f\0\0\0\x08\0\0\0\0\0\0\0\x10\0\0\0\0\0\0\0\x6f\
\x02\0\0\x01\0\0\0\0\0\0\0\0\0\0\0\0\0\0\0\0\0\0\0\x98\x63\0\0\0\0\0\0\xd0\0\0\
\0\0\0\0\0\0\0\0\0\0\0\0\0\x08\0\0\0\0\0\0\0\0\0\0\0\0\0\0\0\x6b\x02\0\0\x09\0\
\0\0\x40\0\0\0\0\0\0\0\0\0\0\0\0\0\0\0\xa8\x8f\0\0\0\0\0\0\0\x01\0\0\0\0\0\0\
\x27\0\0\0\x21\0\0\0\x08\0\0\0\0\0\0\0\x10\0\0\0\0\0\0\0\x5f\x02\0\0\x01\0\0\0\
\0\0\0\0\0\0\0\0\0\0\0\0\0\0\0\0\x68\x64\0\0\0\0\0\0\x4f\x06\0\0\0\0\0\0\0\0\0\
\0\0\0\0\0\x01\0\0\0\0\0\0\0\0\0\0\0\0\0\0\0\x5b\x02\0\0\x09\0\0\0\x40\0\0\0\0\
\0\0\0\0\0\0\0\0\0\0\0\xa8\x90\0\0\0\0\0\0\x60\x01\0\0\0\0\0\0\x27\0\0\0\x23\0\
\0\0\x08\0\0\0\0\0\0\0\x10\0\0\0\0\0\0\0\x43\x01\0\0\x01\0\0\0\x30\0\0\0\0\0\0\
\0\0\0\0\0\0\0\0\0\xb7\x6a\0\0\0\0\0\0\x4a\x01\0\0\0\0\0\0\0\0\0\0\0\0\0\0\x01\
\0\0\0\0\0\0\0\x01\0\0\0\0\0\0\0\x10\x02\0\0\x03\x4c\xff\x6f\0\0\0\x80\0\0\0\0\
\0\0\0\0\0\0\0\0\x08\x92\0\0\0\0\0\0\x14\0\0\0\0\0\0\0\x27\0\0\0\0\0\0\0\x01\0\
\0\0\0\0\0\0\0\0\0\0\0\0\0\0\xd8\x02\0\0\x02\0\0\0\0\0\0\0\0\0\0\0\0\0\0\0\0\0\
\0\0\x08\x6c\0\0\0\0\0\0\x90\x03\0\0\0\0\0\0\x01\0\0\0\x11\0\0\0\x08\0\0\0\0\0\
\0\0\x18\0\0\0\0\0\0\0";

	*sz = sizeof(data) - 1;
	return (const void *)data;
}

#ifdef __cplusplus
struct xdp_monitor *xdp_monitor::open(const struct bpf_object_open_opts *opts) { return xdp_monitor__open_opts(opts); }
struct xdp_monitor *xdp_monitor::open_and_load() { return xdp_monitor__open_and_load(); }
int xdp_monitor::load(struct xdp_monitor *skel) { return xdp_monitor__load(skel); }
int xdp_monitor::attach(struct xdp_monitor *skel) { return xdp_monitor__attach(skel); }
void xdp_monitor::detach(struct xdp_monitor *skel) { xdp_monitor__detach(skel); }
void xdp_monitor::destroy(struct xdp_monitor *skel) { xdp_monitor__destroy(skel); }
const void *xdp_monitor::elf_bytes(size_t *sz) { return xdp_monitor__elf_bytes(sz); }
#endif /* __cplusplus */

__attribute__((unused)) static void
xdp_monitor__assert(struct xdp_monitor *s __attribute__((unused)))
{
#ifdef __cplusplus
#define _Static_assert static_assert
#endif
	_Static_assert(sizeof(s->rodata->nr_cpus) == 4, "unexpected size of 'nr_cpus'");
	_Static_assert(sizeof(s->rodata->from_match) == 128, "unexpected size of 'from_match'");
	_Static_assert(sizeof(s->rodata->to_match) == 128, "unexpected size of 'to_match'");
	_Static_assert(sizeof(s->bss->cpumap_map_id) == 4, "unexpected size of 'cpumap_map_id'");
#ifdef __cplusplus
#undef _Static_assert
#endif
}

#endif /* __XDP_MONITOR_SKEL_H__ */
